@HD	VN:1.5	SO:coordinate
@SQ	SN:chr1	LN:248956422
@SQ	SN:chr2	LN:242193529
@SQ	SN:chr3	LN:198295559
@SQ	SN:chr4	LN:190214555
@SQ	SN:chr5	LN:181538259
@SQ	SN:chr6	LN:170805979
@SQ	SN:chr7	LN:159345973
@SQ	SN:chr8	LN:145138636
@SQ	SN:chr9	LN:138394717
@SQ	SN:chr10	LN:133797422
@SQ	SN:chr11	LN:135086622
@SQ	SN:chr12	LN:133275309
@SQ	SN:chr13	LN:114364328
@SQ	SN:chr14	LN:107043718
@SQ	SN:chr15	LN:101991189
@SQ	SN:chr16	LN:90338345
@SQ	SN:chr17	LN:83257441
@SQ	SN:chr18	LN:80373285
@SQ	SN:chr19	LN:58617616
@SQ	SN:chr20	LN:64444167
@SQ	SN:chr21	LN:46709983
@SQ	SN:chr22	LN:50818468
@SQ	SN:chrX	LN:156040895
@SQ	SN:chrY	LN:57227415
@SQ	SN:chrM	LN:16569
@SQ	SN:chr1_KI270706v1_random	LN:175055
@SQ	SN:chr1_KI270707v1_random	LN:32032
@SQ	SN:chr1_KI270708v1_random	LN:127682
@SQ	SN:chr1_KI270709v1_random	LN:66860
@SQ	SN:chr1_KI270710v1_random	LN:40176
@SQ	SN:chr1_KI270711v1_random	LN:42210
@SQ	SN:chr1_KI270712v1_random	LN:176043
@SQ	SN:chr1_KI270713v1_random	LN:40745
@SQ	SN:chr1_KI270714v1_random	LN:41717
@SQ	SN:chr2_KI270715v1_random	LN:161471
@SQ	SN:chr2_KI270716v1_random	LN:153799
@SQ	SN:chr3_GL000221v1_random	LN:155397
@SQ	SN:chr4_GL000008v2_random	LN:209709
@SQ	SN:chr5_GL000208v1_random	LN:92689
@SQ	SN:chr9_KI270717v1_random	LN:40062
@SQ	SN:chr9_KI270718v1_random	LN:38054
@SQ	SN:chr9_KI270719v1_random	LN:176845
@SQ	SN:chr9_KI270720v1_random	LN:39050
@SQ	SN:chr11_KI270721v1_random	LN:100316
@SQ	SN:chr14_GL000009v2_random	LN:201709
@SQ	SN:chr14_GL000225v1_random	LN:211173
@SQ	SN:chr14_KI270722v1_random	LN:194050
@SQ	SN:chr14_GL000194v1_random	LN:191469
@SQ	SN:chr14_KI270723v1_random	LN:38115
@SQ	SN:chr14_KI270724v1_random	LN:39555
@SQ	SN:chr14_KI270725v1_random	LN:172810
@SQ	SN:chr14_KI270726v1_random	LN:43739
@SQ	SN:chr15_KI270727v1_random	LN:448248
@SQ	SN:chr16_KI270728v1_random	LN:1872759
@SQ	SN:chr17_GL000205v2_random	LN:185591
@SQ	SN:chr17_KI270729v1_random	LN:280839
@SQ	SN:chr17_KI270730v1_random	LN:112551
@SQ	SN:chr22_KI270731v1_random	LN:150754
@SQ	SN:chr22_KI270732v1_random	LN:41543
@SQ	SN:chr22_KI270733v1_random	LN:179772
@SQ	SN:chr22_KI270734v1_random	LN:165050
@SQ	SN:chr22_KI270735v1_random	LN:42811
@SQ	SN:chr22_KI270736v1_random	LN:181920
@SQ	SN:chr22_KI270737v1_random	LN:103838
@SQ	SN:chr22_KI270738v1_random	LN:99375
@SQ	SN:chr22_KI270739v1_random	LN:73985
@SQ	SN:chrY_KI270740v1_random	LN:37240
@SQ	SN:chrUn_KI270302v1	LN:2274
@SQ	SN:chrUn_KI270304v1	LN:2165
@SQ	SN:chrUn_KI270303v1	LN:1942
@SQ	SN:chrUn_KI270305v1	LN:1472
@SQ	SN:chrUn_KI270322v1	LN:21476
@SQ	SN:chrUn_KI270320v1	LN:4416
@SQ	SN:chrUn_KI270310v1	LN:1201
@SQ	SN:chrUn_KI270316v1	LN:1444
@SQ	SN:chrUn_KI270315v1	LN:2276
@SQ	SN:chrUn_KI270312v1	LN:998
@SQ	SN:chrUn_KI270311v1	LN:12399
@SQ	SN:chrUn_KI270317v1	LN:37690
@SQ	SN:chrUn_KI270412v1	LN:1179
@SQ	SN:chrUn_KI270411v1	LN:2646
@SQ	SN:chrUn_KI270414v1	LN:2489
@SQ	SN:chrUn_KI270419v1	LN:1029
@SQ	SN:chrUn_KI270418v1	LN:2145
@SQ	SN:chrUn_KI270420v1	LN:2321
@SQ	SN:chrUn_KI270424v1	LN:2140
@SQ	SN:chrUn_KI270417v1	LN:2043
@SQ	SN:chrUn_KI270422v1	LN:1445
@SQ	SN:chrUn_KI270423v1	LN:981
@SQ	SN:chrUn_KI270425v1	LN:1884
@SQ	SN:chrUn_KI270429v1	LN:1361
@SQ	SN:chrUn_KI270442v1	LN:392061
@SQ	SN:chrUn_KI270466v1	LN:1233
@SQ	SN:chrUn_KI270465v1	LN:1774
@SQ	SN:chrUn_KI270467v1	LN:3920
@SQ	SN:chrUn_KI270435v1	LN:92983
@SQ	SN:chrUn_KI270438v1	LN:112505
@SQ	SN:chrUn_KI270468v1	LN:4055
@SQ	SN:chrUn_KI270510v1	LN:2415
@SQ	SN:chrUn_KI270509v1	LN:2318
@SQ	SN:chrUn_KI270518v1	LN:2186
@SQ	SN:chrUn_KI270508v1	LN:1951
@SQ	SN:chrUn_KI270516v1	LN:1300
@SQ	SN:chrUn_KI270512v1	LN:22689
@SQ	SN:chrUn_KI270519v1	LN:138126
@SQ	SN:chrUn_KI270522v1	LN:5674
@SQ	SN:chrUn_KI270511v1	LN:8127
@SQ	SN:chrUn_KI270515v1	LN:6361
@SQ	SN:chrUn_KI270507v1	LN:5353
@SQ	SN:chrUn_KI270517v1	LN:3253
@SQ	SN:chrUn_KI270529v1	LN:1899
@SQ	SN:chrUn_KI270528v1	LN:2983
@SQ	SN:chrUn_KI270530v1	LN:2168
@SQ	SN:chrUn_KI270539v1	LN:993
@SQ	SN:chrUn_KI270538v1	LN:91309
@SQ	SN:chrUn_KI270544v1	LN:1202
@SQ	SN:chrUn_KI270548v1	LN:1599
@SQ	SN:chrUn_KI270583v1	LN:1400
@SQ	SN:chrUn_KI270587v1	LN:2969
@SQ	SN:chrUn_KI270580v1	LN:1553
@SQ	SN:chrUn_KI270581v1	LN:7046
@SQ	SN:chrUn_KI270579v1	LN:31033
@SQ	SN:chrUn_KI270589v1	LN:44474
@SQ	SN:chrUn_KI270590v1	LN:4685
@SQ	SN:chrUn_KI270584v1	LN:4513
@SQ	SN:chrUn_KI270582v1	LN:6504
@SQ	SN:chrUn_KI270588v1	LN:6158
@SQ	SN:chrUn_KI270593v1	LN:3041
@SQ	SN:chrUn_KI270591v1	LN:5796
@SQ	SN:chrUn_KI270330v1	LN:1652
@SQ	SN:chrUn_KI270329v1	LN:1040
@SQ	SN:chrUn_KI270334v1	LN:1368
@SQ	SN:chrUn_KI270333v1	LN:2699
@SQ	SN:chrUn_KI270335v1	LN:1048
@SQ	SN:chrUn_KI270338v1	LN:1428
@SQ	SN:chrUn_KI270340v1	LN:1428
@SQ	SN:chrUn_KI270336v1	LN:1026
@SQ	SN:chrUn_KI270337v1	LN:1121
@SQ	SN:chrUn_KI270363v1	LN:1803
@SQ	SN:chrUn_KI270364v1	LN:2855
@SQ	SN:chrUn_KI270362v1	LN:3530
@SQ	SN:chrUn_KI270366v1	LN:8320
@SQ	SN:chrUn_KI270378v1	LN:1048
@SQ	SN:chrUn_KI270379v1	LN:1045
@SQ	SN:chrUn_KI270389v1	LN:1298
@SQ	SN:chrUn_KI270390v1	LN:2387
@SQ	SN:chrUn_KI270387v1	LN:1537
@SQ	SN:chrUn_KI270395v1	LN:1143
@SQ	SN:chrUn_KI270396v1	LN:1880
@SQ	SN:chrUn_KI270388v1	LN:1216
@SQ	SN:chrUn_KI270394v1	LN:970
@SQ	SN:chrUn_KI270386v1	LN:1788
@SQ	SN:chrUn_KI270391v1	LN:1484
@SQ	SN:chrUn_KI270383v1	LN:1750
@SQ	SN:chrUn_KI270393v1	LN:1308
@SQ	SN:chrUn_KI270384v1	LN:1658
@SQ	SN:chrUn_KI270392v1	LN:971
@SQ	SN:chrUn_KI270381v1	LN:1930
@SQ	SN:chrUn_KI270385v1	LN:990
@SQ	SN:chrUn_KI270382v1	LN:4215
@SQ	SN:chrUn_KI270376v1	LN:1136
@SQ	SN:chrUn_KI270374v1	LN:2656
@SQ	SN:chrUn_KI270372v1	LN:1650
@SQ	SN:chrUn_KI270373v1	LN:1451
@SQ	SN:chrUn_KI270375v1	LN:2378
@SQ	SN:chrUn_KI270371v1	LN:2805
@SQ	SN:chrUn_KI270448v1	LN:7992
@SQ	SN:chrUn_KI270521v1	LN:7642
@SQ	SN:chrUn_GL000195v1	LN:182896
@SQ	SN:chrUn_GL000219v1	LN:179198
@SQ	SN:chrUn_GL000220v1	LN:161802
@SQ	SN:chrUn_GL000224v1	LN:179693
@SQ	SN:chrUn_KI270741v1	LN:157432
@SQ	SN:chrUn_GL000226v1	LN:15008
@SQ	SN:chrUn_GL000213v1	LN:164239
@SQ	SN:chrUn_KI270743v1	LN:210658
@SQ	SN:chrUn_KI270744v1	LN:168472
@SQ	SN:chrUn_KI270745v1	LN:41891
@SQ	SN:chrUn_KI270746v1	LN:66486
@SQ	SN:chrUn_KI270747v1	LN:198735
@SQ	SN:chrUn_KI270748v1	LN:93321
@SQ	SN:chrUn_KI270749v1	LN:158759
@SQ	SN:chrUn_KI270750v1	LN:148850
@SQ	SN:chrUn_KI270751v1	LN:150742
@SQ	SN:chrUn_KI270752v1	LN:27745
@SQ	SN:chrUn_KI270753v1	LN:62944
@SQ	SN:chrUn_KI270754v1	LN:40191
@SQ	SN:chrUn_KI270755v1	LN:36723
@SQ	SN:chrUn_KI270756v1	LN:79590
@SQ	SN:chrUn_KI270757v1	LN:71251
@SQ	SN:chrUn_GL000214v1	LN:137718
@SQ	SN:chrUn_KI270742v1	LN:186739
@SQ	SN:chrUn_GL000216v2	LN:176608
@SQ	SN:chrUn_GL000218v1	LN:161147
@SQ	SN:chrEBV	LN:171823
@SQ	SN:KN707606.1	LN:2200
@SQ	SN:KN707607.1	LN:3033
@SQ	SN:KN707608.1	LN:3112
@SQ	SN:KN707609.1	LN:1642
@SQ	SN:KN707610.1	LN:1393
@SQ	SN:KN707611.1	LN:1103
@SQ	SN:KN707612.1	LN:1039
@SQ	SN:KN707613.1	LN:1619
@SQ	SN:KN707614.1	LN:3122
@SQ	SN:KN707615.1	LN:1934
@SQ	SN:KN707616.1	LN:3111
@SQ	SN:KN707617.1	LN:2545
@SQ	SN:KN707618.1	LN:2295
@SQ	SN:KN707619.1	LN:1551
@SQ	SN:KN707620.1	LN:2046
@SQ	SN:KN707621.1	LN:1222
@SQ	SN:KN707622.1	LN:1535
@SQ	SN:KN707623.1	LN:3784
@SQ	SN:KN707624.1	LN:1329
@SQ	SN:KN707625.1	LN:1238
@SQ	SN:KN707626.1	LN:5623
@SQ	SN:KN707627.1	LN:5821
@SQ	SN:KN707628.1	LN:2960
@SQ	SN:KN707629.1	LN:1848
@SQ	SN:KN707630.1	LN:2315
@SQ	SN:KN707631.1	LN:1945
@SQ	SN:KN707632.1	LN:1424
@SQ	SN:KN707633.1	LN:1274
@SQ	SN:KN707634.1	LN:1007
@SQ	SN:KN707635.1	LN:1414
@SQ	SN:KN707636.1	LN:1725
@SQ	SN:KN707637.1	LN:5354
@SQ	SN:KN707638.1	LN:2189
@SQ	SN:KN707639.1	LN:1294
@SQ	SN:KN707640.1	LN:1831
@SQ	SN:KN707641.1	LN:1647
@SQ	SN:KN707642.1	LN:2943
@SQ	SN:KN707643.1	LN:2857
@SQ	SN:KN707644.1	LN:1030
@SQ	SN:KN707645.1	LN:1070
@SQ	SN:KN707646.1	LN:1735
@SQ	SN:KN707647.1	LN:1982
@SQ	SN:KN707648.1	LN:1564
@SQ	SN:KN707649.1	LN:1775
@SQ	SN:KN707650.1	LN:1540
@SQ	SN:KN707651.1	LN:2013
@SQ	SN:KN707652.1	LN:1176
@SQ	SN:KN707653.1	LN:1890
@SQ	SN:KN707654.1	LN:3644
@SQ	SN:KN707655.1	LN:2785
@SQ	SN:KN707656.1	LN:1017
@SQ	SN:KN707657.1	LN:1068
@SQ	SN:KN707658.1	LN:1007
@SQ	SN:KN707659.1	LN:2605
@SQ	SN:KN707660.1	LN:8410
@SQ	SN:KN707661.1	LN:5534
@SQ	SN:KN707662.1	LN:2173
@SQ	SN:KN707663.1	LN:1065
@SQ	SN:KN707664.1	LN:8683
@SQ	SN:KN707665.1	LN:2670
@SQ	SN:KN707666.1	LN:2420
@SQ	SN:KN707667.1	LN:2189
@SQ	SN:KN707668.1	LN:2093
@SQ	SN:KN707669.1	LN:1184
@SQ	SN:KN707670.1	LN:1205
@SQ	SN:KN707671.1	LN:2786
@SQ	SN:KN707672.1	LN:2794
@SQ	SN:KN707673.1	LN:19544
@SQ	SN:KN707674.1	LN:2848
@SQ	SN:KN707675.1	LN:10556
@SQ	SN:KN707676.1	LN:9066
@SQ	SN:KN707677.1	LN:7267
@SQ	SN:KN707678.1	LN:2462
@SQ	SN:KN707679.1	LN:1774
@SQ	SN:KN707680.1	LN:1297
@SQ	SN:KN707681.1	LN:4379
@SQ	SN:KN707682.1	LN:4208
@SQ	SN:KN707683.1	LN:4068
@SQ	SN:KN707684.1	LN:2940
@SQ	SN:KN707685.1	LN:3938
@SQ	SN:KN707686.1	LN:2072
@SQ	SN:KN707687.1	LN:1136
@SQ	SN:KN707688.1	LN:4248
@SQ	SN:KN707689.1	LN:5823
@SQ	SN:KN707690.1	LN:3715
@SQ	SN:KN707691.1	LN:4885
@SQ	SN:KN707692.1	LN:4813
@SQ	SN:KN707693.1	LN:2899
@SQ	SN:KN707694.1	LN:1228
@SQ	SN:KN707695.1	LN:3119
@SQ	SN:KN707696.1	LN:3828
@SQ	SN:KN707697.1	LN:1186
@SQ	SN:KN707698.1	LN:1908
@SQ	SN:KN707699.1	LN:2795
@SQ	SN:KN707700.1	LN:3703
@SQ	SN:KN707701.1	LN:6722
@SQ	SN:KN707702.1	LN:6466
@SQ	SN:KN707703.1	LN:2235
@SQ	SN:KN707704.1	LN:2871
@SQ	SN:KN707705.1	LN:4632
@SQ	SN:KN707706.1	LN:4225
@SQ	SN:KN707707.1	LN:4339
@SQ	SN:KN707708.1	LN:2305
@SQ	SN:KN707709.1	LN:3273
@SQ	SN:KN707710.1	LN:5701
@SQ	SN:KN707711.1	LN:4154
@SQ	SN:KN707712.1	LN:1243
@SQ	SN:KN707713.1	LN:1308
@SQ	SN:KN707714.1	LN:2922
@SQ	SN:KN707715.1	LN:3044
@SQ	SN:KN707716.1	LN:2888
@SQ	SN:KN707717.1	LN:1742
@SQ	SN:KN707718.1	LN:4969
@SQ	SN:KN707719.1	LN:3270
@SQ	SN:KN707720.1	LN:6028
@SQ	SN:KN707721.1	LN:1105
@SQ	SN:KN707722.1	LN:2884
@SQ	SN:KN707723.1	LN:1124
@SQ	SN:KN707724.1	LN:1454
@SQ	SN:KN707725.1	LN:2565
@SQ	SN:KN707726.1	LN:2149
@SQ	SN:KN707727.1	LN:2630
@SQ	SN:KN707728.1	LN:14625
@SQ	SN:KN707729.1	LN:7431
@SQ	SN:KN707730.1	LN:5776
@SQ	SN:KN707731.1	LN:4820
@SQ	SN:KN707732.1	LN:1227
@SQ	SN:KN707733.1	LN:7503
@SQ	SN:KN707734.1	LN:9652
@SQ	SN:KN707735.1	LN:1091
@SQ	SN:KN707736.1	LN:2467
@SQ	SN:KN707737.1	LN:1270
@SQ	SN:KN707738.1	LN:4365
@SQ	SN:KN707739.1	LN:4284
@SQ	SN:KN707740.1	LN:10282
@SQ	SN:KN707741.1	LN:5601
@SQ	SN:KN707742.1	LN:4758
@SQ	SN:KN707743.1	LN:1624
@SQ	SN:KN707744.1	LN:4024
@SQ	SN:KN707745.1	LN:1276
@SQ	SN:KN707746.1	LN:5083
@SQ	SN:KN707747.1	LN:2075
@SQ	SN:KN707748.1	LN:3553
@SQ	SN:KN707749.1	LN:7010
@SQ	SN:KN707750.1	LN:4718
@SQ	SN:KN707751.1	LN:3546
@SQ	SN:KN707752.1	LN:2873
@SQ	SN:KN707753.1	LN:2144
@SQ	SN:KN707754.1	LN:2243
@SQ	SN:KN707755.1	LN:5343
@SQ	SN:KN707756.1	LN:4877
@SQ	SN:KN707757.1	LN:3034
@SQ	SN:KN707758.1	LN:2826
@SQ	SN:KN707759.1	LN:1221
@SQ	SN:KN707760.1	LN:1169
@SQ	SN:KN707761.1	LN:2319
@SQ	SN:KN707762.1	LN:3450
@SQ	SN:KN707763.1	LN:2674
@SQ	SN:KN707764.1	LN:3912
@SQ	SN:KN707765.1	LN:6020
@SQ	SN:KN707766.1	LN:2303
@SQ	SN:KN707767.1	LN:2552
@SQ	SN:KN707768.1	LN:3656
@SQ	SN:KN707769.1	LN:1591
@SQ	SN:KN707770.1	LN:1209
@SQ	SN:KN707771.1	LN:3176
@SQ	SN:KN707772.1	LN:8915
@SQ	SN:KN707773.1	LN:4902
@SQ	SN:KN707774.1	LN:3324
@SQ	SN:KN707775.1	LN:5997
@SQ	SN:KN707776.1	LN:2618
@SQ	SN:KN707777.1	LN:10311
@SQ	SN:KN707778.1	LN:2440
@SQ	SN:KN707779.1	LN:12444
@SQ	SN:KN707780.1	LN:5691
@SQ	SN:KN707781.1	LN:2717
@SQ	SN:KN707782.1	LN:5277
@SQ	SN:KN707783.1	LN:4373
@SQ	SN:KN707784.1	LN:3224
@SQ	SN:KN707785.1	LN:2631
@SQ	SN:KN707786.1	LN:5385
@SQ	SN:KN707787.1	LN:3678
@SQ	SN:KN707788.1	LN:1412
@SQ	SN:KN707789.1	LN:1443
@SQ	SN:KN707790.1	LN:1098
@SQ	SN:KN707791.1	LN:3240
@SQ	SN:KN707792.1	LN:1915
@SQ	SN:KN707793.1	LN:4667
@SQ	SN:KN707794.1	LN:7219
@SQ	SN:KN707795.1	LN:3277
@SQ	SN:KN707796.1	LN:3473
@SQ	SN:KN707797.1	LN:4243
@SQ	SN:KN707798.1	LN:17599
@SQ	SN:KN707799.1	LN:5095
@SQ	SN:KN707800.1	LN:2237
@SQ	SN:KN707801.1	LN:2901
@SQ	SN:KN707802.1	LN:2666
@SQ	SN:KN707803.1	LN:5336
@SQ	SN:KN707804.1	LN:4383
@SQ	SN:KN707805.1	LN:5446
@SQ	SN:KN707806.1	LN:6252
@SQ	SN:KN707807.1	LN:4616
@SQ	SN:KN707808.1	LN:3021
@SQ	SN:KN707809.1	LN:3667
@SQ	SN:KN707810.1	LN:4563
@SQ	SN:KN707811.1	LN:1120
@SQ	SN:KN707812.1	LN:3845
@SQ	SN:KN707813.1	LN:2272
@SQ	SN:KN707814.1	LN:4764
@SQ	SN:KN707815.1	LN:5410
@SQ	SN:KN707816.1	LN:7150
@SQ	SN:KN707817.1	LN:1762
@SQ	SN:KN707818.1	LN:1207
@SQ	SN:KN707819.1	LN:1331
@SQ	SN:KN707820.1	LN:8307
@SQ	SN:KN707821.1	LN:2276
@SQ	SN:KN707822.1	LN:2575
@SQ	SN:KN707823.1	LN:3970
@SQ	SN:KN707824.1	LN:1352
@SQ	SN:KN707825.1	LN:3040
@SQ	SN:KN707826.1	LN:2070
@SQ	SN:KN707827.1	LN:2913
@SQ	SN:KN707828.1	LN:2389
@SQ	SN:KN707829.1	LN:1835
@SQ	SN:KN707830.1	LN:4807
@SQ	SN:KN707831.1	LN:2201
@SQ	SN:KN707832.1	LN:1265
@SQ	SN:KN707833.1	LN:1961
@SQ	SN:KN707834.1	LN:1064
@SQ	SN:KN707835.1	LN:1932
@SQ	SN:KN707836.1	LN:3213
@SQ	SN:KN707837.1	LN:1178
@SQ	SN:KN707838.1	LN:2926
@SQ	SN:KN707839.1	LN:1038
@SQ	SN:KN707840.1	LN:3298
@SQ	SN:KN707841.1	LN:8992
@SQ	SN:KN707842.1	LN:6698
@SQ	SN:KN707843.1	LN:4880
@SQ	SN:KN707844.1	LN:1766
@SQ	SN:KN707845.1	LN:3532
@SQ	SN:KN707846.1	LN:2297
@SQ	SN:KN707847.1	LN:1234
@SQ	SN:KN707848.1	LN:1205
@SQ	SN:KN707849.1	LN:2790
@SQ	SN:KN707850.1	LN:2006
@SQ	SN:KN707851.1	LN:4593
@SQ	SN:KN707852.1	LN:1579
@SQ	SN:KN707853.1	LN:9597
@SQ	SN:KN707854.1	LN:10451
@SQ	SN:KN707855.1	LN:3219
@SQ	SN:KN707856.1	LN:2300
@SQ	SN:KN707857.1	LN:5985
@SQ	SN:KN707858.1	LN:2959
@SQ	SN:KN707859.1	LN:1340
@SQ	SN:KN707860.1	LN:3148
@SQ	SN:KN707861.1	LN:2242
@SQ	SN:KN707862.1	LN:16513
@SQ	SN:KN707863.1	LN:7821
@SQ	SN:KN707864.1	LN:2159
@SQ	SN:KN707865.1	LN:2114
@SQ	SN:KN707866.1	LN:4109
@SQ	SN:KN707867.1	LN:1544
@SQ	SN:KN707868.1	LN:1005
@SQ	SN:KN707869.1	LN:8632
@SQ	SN:KN707870.1	LN:1012
@SQ	SN:KN707871.1	LN:4728
@SQ	SN:KN707872.1	LN:2165
@SQ	SN:KN707873.1	LN:7591
@SQ	SN:KN707874.1	LN:5202
@SQ	SN:KN707875.1	LN:4241
@SQ	SN:KN707876.1	LN:4131
@SQ	SN:KN707877.1	LN:2272
@SQ	SN:KN707878.1	LN:2085
@SQ	SN:KN707879.1	LN:4346
@SQ	SN:KN707880.1	LN:1208
@SQ	SN:KN707881.1	LN:4543
@SQ	SN:KN707882.1	LN:2772
@SQ	SN:KN707883.1	LN:2490
@SQ	SN:KN707884.1	LN:4568
@SQ	SN:KN707885.1	LN:1776
@SQ	SN:KN707886.1	LN:2699
@SQ	SN:KN707887.1	LN:3534
@SQ	SN:KN707888.1	LN:2424
@SQ	SN:KN707889.1	LN:1747
@SQ	SN:KN707890.1	LN:1088
@SQ	SN:KN707891.1	LN:1143
@SQ	SN:KN707892.1	LN:2530
@SQ	SN:KN707893.1	LN:8049
@SQ	SN:KN707894.1	LN:1366
@SQ	SN:KN707895.1	LN:4284
@SQ	SN:KN707896.1	LN:33125
@SQ	SN:KN707897.1	LN:2137
@SQ	SN:KN707898.1	LN:3840
@SQ	SN:KN707899.1	LN:3087
@SQ	SN:KN707900.1	LN:2041
@SQ	SN:KN707901.1	LN:3344
@SQ	SN:KN707902.1	LN:2921
@SQ	SN:KN707903.1	LN:6581
@SQ	SN:KN707904.1	LN:3968
@SQ	SN:KN707905.1	LN:2339
@SQ	SN:KN707906.1	LN:1243
@SQ	SN:KN707907.1	LN:7776
@SQ	SN:KN707908.1	LN:19837
@SQ	SN:KN707909.1	LN:1737
@SQ	SN:KN707910.1	LN:1098
@SQ	SN:KN707911.1	LN:1893
@SQ	SN:KN707912.1	LN:1281
@SQ	SN:KN707913.1	LN:1527
@SQ	SN:KN707914.1	LN:2055
@SQ	SN:KN707915.1	LN:2527
@SQ	SN:KN707916.1	LN:3275
@SQ	SN:KN707917.1	LN:1265
@SQ	SN:KN707918.1	LN:2623
@SQ	SN:KN707919.1	LN:4850
@SQ	SN:KN707920.1	LN:3584
@SQ	SN:KN707921.1	LN:2561
@SQ	SN:KN707922.1	LN:3041
@SQ	SN:KN707923.1	LN:1409
@SQ	SN:KN707924.1	LN:4596
@SQ	SN:KN707925.1	LN:11555
@SQ	SN:KN707926.1	LN:1266
@SQ	SN:KN707927.1	LN:1079
@SQ	SN:KN707928.1	LN:1087
@SQ	SN:KN707929.1	LN:1226
@SQ	SN:KN707930.1	LN:1131
@SQ	SN:KN707931.1	LN:1199
@SQ	SN:KN707932.1	LN:1084
@SQ	SN:KN707933.1	LN:2038
@SQ	SN:KN707934.1	LN:1070
@SQ	SN:KN707935.1	LN:1312
@SQ	SN:KN707936.1	LN:4031
@SQ	SN:KN707937.1	LN:7445
@SQ	SN:KN707938.1	LN:1770
@SQ	SN:KN707939.1	LN:5600
@SQ	SN:KN707940.1	LN:1882
@SQ	SN:KN707941.1	LN:1170
@SQ	SN:KN707942.1	LN:1300
@SQ	SN:KN707943.1	LN:5325
@SQ	SN:KN707944.1	LN:2043
@SQ	SN:KN707945.1	LN:1072
@SQ	SN:KN707946.1	LN:2463
@SQ	SN:KN707947.1	LN:1010
@SQ	SN:KN707948.1	LN:1432
@SQ	SN:KN707949.1	LN:1162
@SQ	SN:KN707950.1	LN:1095
@SQ	SN:KN707951.1	LN:1118
@SQ	SN:KN707952.1	LN:1383
@SQ	SN:KN707953.1	LN:2289
@SQ	SN:KN707954.1	LN:1648
@SQ	SN:KN707955.1	LN:2203
@SQ	SN:KN707956.1	LN:3270
@SQ	SN:KN707957.1	LN:11499
@SQ	SN:KN707958.1	LN:2474
@SQ	SN:KN707959.1	LN:2294
@SQ	SN:KN707960.1	LN:1238
@SQ	SN:KN707961.1	LN:3410
@SQ	SN:KN707962.1	LN:1523
@SQ	SN:KN707963.1	LN:62955
@SQ	SN:KN707964.1	LN:6282
@SQ	SN:KN707965.1	LN:3836
@SQ	SN:KN707966.1	LN:6486
@SQ	SN:KN707967.1	LN:15368
@SQ	SN:KN707968.1	LN:9572
@SQ	SN:KN707969.1	LN:6413
@SQ	SN:KN707970.1	LN:4104
@SQ	SN:KN707971.1	LN:12943
@SQ	SN:KN707972.1	LN:4650
@SQ	SN:KN707973.1	LN:3080
@SQ	SN:KN707974.1	LN:3134
@SQ	SN:KN707975.1	LN:6211
@SQ	SN:KN707976.1	LN:1126
@SQ	SN:KN707977.1	LN:1101
@SQ	SN:KN707978.1	LN:1101
@SQ	SN:KN707979.1	LN:2648
@SQ	SN:KN707980.1	LN:2973
@SQ	SN:KN707981.1	LN:2520
@SQ	SN:KN707982.1	LN:2318
@SQ	SN:KN707983.1	LN:2606
@SQ	SN:KN707984.1	LN:2205
@SQ	SN:KN707985.1	LN:2929
@SQ	SN:KN707986.1	LN:3869
@SQ	SN:KN707987.1	LN:1117
@SQ	SN:KN707988.1	LN:2960
@SQ	SN:KN707989.1	LN:1009
@SQ	SN:KN707990.1	LN:4048
@SQ	SN:KN707991.1	LN:2193
@SQ	SN:KN707992.1	LN:1830
@SQ	SN:JTFH01000001.1	LN:25139
@SQ	SN:JTFH01000002.1	LN:18532
@SQ	SN:JTFH01000003.1	LN:15240
@SQ	SN:JTFH01000004.1	LN:13739
@SQ	SN:JTFH01000005.1	LN:11297
@SQ	SN:JTFH01000006.1	LN:10074
@SQ	SN:JTFH01000007.1	LN:9891
@SQ	SN:JTFH01000008.1	LN:9774
@SQ	SN:JTFH01000009.1	LN:9727
@SQ	SN:JTFH01000010.1	LN:9358
@SQ	SN:JTFH01000011.1	LN:8920
@SQ	SN:JTFH01000012.1	LN:8479
@SQ	SN:JTFH01000013.1	LN:8312
@SQ	SN:JTFH01000014.1	LN:8261
@SQ	SN:JTFH01000015.1	LN:8131
@SQ	SN:JTFH01000016.1	LN:8051
@SQ	SN:JTFH01000017.1	LN:7832
@SQ	SN:JTFH01000018.1	LN:7710
@SQ	SN:JTFH01000019.1	LN:7702
@SQ	SN:JTFH01000020.1	LN:7479
@SQ	SN:JTFH01000021.1	LN:7368
@SQ	SN:JTFH01000022.1	LN:7162
@SQ	SN:JTFH01000023.1	LN:7065
@SQ	SN:JTFH01000024.1	LN:7019
@SQ	SN:JTFH01000025.1	LN:6997
@SQ	SN:JTFH01000026.1	LN:6994
@SQ	SN:JTFH01000027.1	LN:6979
@SQ	SN:JTFH01000028.1	LN:6797
@SQ	SN:JTFH01000029.1	LN:6525
@SQ	SN:JTFH01000030.1	LN:6246
@SQ	SN:JTFH01000031.1	LN:5926
@SQ	SN:JTFH01000032.1	LN:5914
@SQ	SN:JTFH01000033.1	LN:5898
@SQ	SN:JTFH01000034.1	LN:5879
@SQ	SN:JTFH01000035.1	LN:5834
@SQ	SN:JTFH01000036.1	LN:5743
@SQ	SN:JTFH01000037.1	LN:5577
@SQ	SN:JTFH01000038.1	LN:5413
@SQ	SN:JTFH01000039.1	LN:5250
@SQ	SN:JTFH01000040.1	LN:5246
@SQ	SN:JTFH01000041.1	LN:5118
@SQ	SN:JTFH01000042.1	LN:5058
@SQ	SN:JTFH01000043.1	LN:4959
@SQ	SN:JTFH01000044.1	LN:4853
@SQ	SN:JTFH01000045.1	LN:4828
@SQ	SN:JTFH01000046.1	LN:4819
@SQ	SN:JTFH01000047.1	LN:4809
@SQ	SN:JTFH01000048.1	LN:4710
@SQ	SN:JTFH01000049.1	LN:4680
@SQ	SN:JTFH01000050.1	LN:4645
@SQ	SN:JTFH01000051.1	LN:4514
@SQ	SN:JTFH01000052.1	LN:4439
@SQ	SN:JTFH01000053.1	LN:4416
@SQ	SN:JTFH01000054.1	LN:4409
@SQ	SN:JTFH01000055.1	LN:4392
@SQ	SN:JTFH01000056.1	LN:4359
@SQ	SN:JTFH01000057.1	LN:4319
@SQ	SN:JTFH01000058.1	LN:4290
@SQ	SN:JTFH01000059.1	LN:4242
@SQ	SN:JTFH01000060.1	LN:4228
@SQ	SN:JTFH01000061.1	LN:4222
@SQ	SN:JTFH01000062.1	LN:4216
@SQ	SN:JTFH01000063.1	LN:4210
@SQ	SN:JTFH01000064.1	LN:4206
@SQ	SN:JTFH01000065.1	LN:4102
@SQ	SN:JTFH01000066.1	LN:4101
@SQ	SN:JTFH01000067.1	LN:4083
@SQ	SN:JTFH01000068.1	LN:3967
@SQ	SN:JTFH01000069.1	LN:3955
@SQ	SN:JTFH01000070.1	LN:3945
@SQ	SN:JTFH01000071.1	LN:3930
@SQ	SN:JTFH01000072.1	LN:3929
@SQ	SN:JTFH01000073.1	LN:3924
@SQ	SN:JTFH01000074.1	LN:3919
@SQ	SN:JTFH01000075.1	LN:3908
@SQ	SN:JTFH01000076.1	LN:3892
@SQ	SN:JTFH01000077.1	LN:3890
@SQ	SN:JTFH01000078.1	LN:3859
@SQ	SN:JTFH01000079.1	LN:3846
@SQ	SN:JTFH01000080.1	LN:3835
@SQ	SN:JTFH01000081.1	LN:3830
@SQ	SN:JTFH01000082.1	LN:3828
@SQ	SN:JTFH01000083.1	LN:3825
@SQ	SN:JTFH01000084.1	LN:3821
@SQ	SN:JTFH01000085.1	LN:3809
@SQ	SN:JTFH01000086.1	LN:3801
@SQ	SN:JTFH01000087.1	LN:3799
@SQ	SN:JTFH01000088.1	LN:3737
@SQ	SN:JTFH01000089.1	LN:3701
@SQ	SN:JTFH01000090.1	LN:3698
@SQ	SN:JTFH01000091.1	LN:3692
@SQ	SN:JTFH01000092.1	LN:3686
@SQ	SN:JTFH01000093.1	LN:3677
@SQ	SN:JTFH01000094.1	LN:3664
@SQ	SN:JTFH01000095.1	LN:3613
@SQ	SN:JTFH01000096.1	LN:3611
@SQ	SN:JTFH01000097.1	LN:3606
@SQ	SN:JTFH01000098.1	LN:3584
@SQ	SN:JTFH01000099.1	LN:3581
@SQ	SN:JTFH01000100.1	LN:3543
@SQ	SN:JTFH01000101.1	LN:3528
@SQ	SN:JTFH01000102.1	LN:3527
@SQ	SN:JTFH01000103.1	LN:3496
@SQ	SN:JTFH01000104.1	LN:3493
@SQ	SN:JTFH01000105.1	LN:3484
@SQ	SN:JTFH01000106.1	LN:3435
@SQ	SN:JTFH01000107.1	LN:3391
@SQ	SN:JTFH01000108.1	LN:3374
@SQ	SN:JTFH01000109.1	LN:3371
@SQ	SN:JTFH01000110.1	LN:3361
@SQ	SN:JTFH01000111.1	LN:3351
@SQ	SN:JTFH01000112.1	LN:3340
@SQ	SN:JTFH01000113.1	LN:3320
@SQ	SN:JTFH01000114.1	LN:3282
@SQ	SN:JTFH01000115.1	LN:3278
@SQ	SN:JTFH01000116.1	LN:3260
@SQ	SN:JTFH01000117.1	LN:3258
@SQ	SN:JTFH01000118.1	LN:3253
@SQ	SN:JTFH01000119.1	LN:3247
@SQ	SN:JTFH01000120.1	LN:3230
@SQ	SN:JTFH01000121.1	LN:3224
@SQ	SN:JTFH01000122.1	LN:3216
@SQ	SN:JTFH01000123.1	LN:3212
@SQ	SN:JTFH01000124.1	LN:3194
@SQ	SN:JTFH01000125.1	LN:3189
@SQ	SN:JTFH01000126.1	LN:3177
@SQ	SN:JTFH01000127.1	LN:3176
@SQ	SN:JTFH01000128.1	LN:3173
@SQ	SN:JTFH01000129.1	LN:3170
@SQ	SN:JTFH01000130.1	LN:3166
@SQ	SN:JTFH01000131.1	LN:3163
@SQ	SN:JTFH01000132.1	LN:3143
@SQ	SN:JTFH01000133.1	LN:3137
@SQ	SN:JTFH01000134.1	LN:3116
@SQ	SN:JTFH01000135.1	LN:3106
@SQ	SN:JTFH01000136.1	LN:3093
@SQ	SN:JTFH01000137.1	LN:3079
@SQ	SN:JTFH01000138.1	LN:3053
@SQ	SN:JTFH01000139.1	LN:3051
@SQ	SN:JTFH01000140.1	LN:3015
@SQ	SN:JTFH01000141.1	LN:3012
@SQ	SN:JTFH01000142.1	LN:3009
@SQ	SN:JTFH01000143.1	LN:2997
@SQ	SN:JTFH01000144.1	LN:2997
@SQ	SN:JTFH01000145.1	LN:2983
@SQ	SN:JTFH01000146.1	LN:2979
@SQ	SN:JTFH01000147.1	LN:2967
@SQ	SN:JTFH01000148.1	LN:2967
@SQ	SN:JTFH01000149.1	LN:2966
@SQ	SN:JTFH01000150.1	LN:2954
@SQ	SN:JTFH01000151.1	LN:2952
@SQ	SN:JTFH01000152.1	LN:2934
@SQ	SN:JTFH01000153.1	LN:2918
@SQ	SN:JTFH01000154.1	LN:2895
@SQ	SN:JTFH01000155.1	LN:2887
@SQ	SN:JTFH01000156.1	LN:2879
@SQ	SN:JTFH01000157.1	LN:2878
@SQ	SN:JTFH01000158.1	LN:2872
@SQ	SN:JTFH01000159.1	LN:2868
@SQ	SN:JTFH01000160.1	LN:2866
@SQ	SN:JTFH01000161.1	LN:2865
@SQ	SN:JTFH01000162.1	LN:2864
@SQ	SN:JTFH01000163.1	LN:2859
@SQ	SN:JTFH01000164.1	LN:2854
@SQ	SN:JTFH01000165.1	LN:2830
@SQ	SN:JTFH01000166.1	LN:2828
@SQ	SN:JTFH01000167.1	LN:2824
@SQ	SN:JTFH01000168.1	LN:2819
@SQ	SN:JTFH01000169.1	LN:2813
@SQ	SN:JTFH01000170.1	LN:2809
@SQ	SN:JTFH01000171.1	LN:2802
@SQ	SN:JTFH01000172.1	LN:2791
@SQ	SN:JTFH01000173.1	LN:2783
@SQ	SN:JTFH01000174.1	LN:2778
@SQ	SN:JTFH01000175.1	LN:2777
@SQ	SN:JTFH01000176.1	LN:2770
@SQ	SN:JTFH01000177.1	LN:2769
@SQ	SN:JTFH01000178.1	LN:2767
@SQ	SN:JTFH01000179.1	LN:2763
@SQ	SN:JTFH01000180.1	LN:2745
@SQ	SN:JTFH01000181.1	LN:2742
@SQ	SN:JTFH01000182.1	LN:2736
@SQ	SN:JTFH01000183.1	LN:2729
@SQ	SN:JTFH01000184.1	LN:2726
@SQ	SN:JTFH01000185.1	LN:2719
@SQ	SN:JTFH01000186.1	LN:2715
@SQ	SN:JTFH01000187.1	LN:2708
@SQ	SN:JTFH01000188.1	LN:2704
@SQ	SN:JTFH01000189.1	LN:2692
@SQ	SN:JTFH01000190.1	LN:2691
@SQ	SN:JTFH01000191.1	LN:2690
@SQ	SN:JTFH01000192.1	LN:2687
@SQ	SN:JTFH01000193.1	LN:2677
@SQ	SN:JTFH01000194.1	LN:2668
@SQ	SN:JTFH01000195.1	LN:2668
@SQ	SN:JTFH01000196.1	LN:2663
@SQ	SN:JTFH01000197.1	LN:2655
@SQ	SN:JTFH01000198.1	LN:2644
@SQ	SN:JTFH01000199.1	LN:2642
@SQ	SN:JTFH01000200.1	LN:2632
@SQ	SN:JTFH01000201.1	LN:2632
@SQ	SN:JTFH01000202.1	LN:2628
@SQ	SN:JTFH01000203.1	LN:2623
@SQ	SN:JTFH01000204.1	LN:2622
@SQ	SN:JTFH01000205.1	LN:2619
@SQ	SN:JTFH01000206.1	LN:2605
@SQ	SN:JTFH01000207.1	LN:2603
@SQ	SN:JTFH01000208.1	LN:2601
@SQ	SN:JTFH01000209.1	LN:2598
@SQ	SN:JTFH01000210.1	LN:2597
@SQ	SN:JTFH01000211.1	LN:2596
@SQ	SN:JTFH01000212.1	LN:2594
@SQ	SN:JTFH01000213.1	LN:2586
@SQ	SN:JTFH01000214.1	LN:2585
@SQ	SN:JTFH01000215.1	LN:2583
@SQ	SN:JTFH01000216.1	LN:2578
@SQ	SN:JTFH01000217.1	LN:2569
@SQ	SN:JTFH01000218.1	LN:2569
@SQ	SN:JTFH01000219.1	LN:2551
@SQ	SN:JTFH01000220.1	LN:2548
@SQ	SN:JTFH01000221.1	LN:2548
@SQ	SN:JTFH01000222.1	LN:2546
@SQ	SN:JTFH01000223.1	LN:2545
@SQ	SN:JTFH01000224.1	LN:2534
@SQ	SN:JTFH01000225.1	LN:2533
@SQ	SN:JTFH01000226.1	LN:2522
@SQ	SN:JTFH01000227.1	LN:2522
@SQ	SN:JTFH01000228.1	LN:2515
@SQ	SN:JTFH01000229.1	LN:2513
@SQ	SN:JTFH01000230.1	LN:2507
@SQ	SN:JTFH01000231.1	LN:2504
@SQ	SN:JTFH01000232.1	LN:2497
@SQ	SN:JTFH01000233.1	LN:2471
@SQ	SN:JTFH01000234.1	LN:2465
@SQ	SN:JTFH01000235.1	LN:2464
@SQ	SN:JTFH01000236.1	LN:2459
@SQ	SN:JTFH01000237.1	LN:2457
@SQ	SN:JTFH01000238.1	LN:2450
@SQ	SN:JTFH01000239.1	LN:2435
@SQ	SN:JTFH01000240.1	LN:2434
@SQ	SN:JTFH01000241.1	LN:2432
@SQ	SN:JTFH01000242.1	LN:2427
@SQ	SN:JTFH01000243.1	LN:2421
@SQ	SN:JTFH01000244.1	LN:2420
@SQ	SN:JTFH01000245.1	LN:2414
@SQ	SN:JTFH01000246.1	LN:2404
@SQ	SN:JTFH01000247.1	LN:2403
@SQ	SN:JTFH01000248.1	LN:2402
@SQ	SN:JTFH01000249.1	LN:2397
@SQ	SN:JTFH01000250.1	LN:2395
@SQ	SN:JTFH01000251.1	LN:2394
@SQ	SN:JTFH01000252.1	LN:2388
@SQ	SN:JTFH01000253.1	LN:2382
@SQ	SN:JTFH01000254.1	LN:2381
@SQ	SN:JTFH01000255.1	LN:2380
@SQ	SN:JTFH01000256.1	LN:2368
@SQ	SN:JTFH01000257.1	LN:2364
@SQ	SN:JTFH01000258.1	LN:2363
@SQ	SN:JTFH01000259.1	LN:2348
@SQ	SN:JTFH01000260.1	LN:2339
@SQ	SN:JTFH01000261.1	LN:2335
@SQ	SN:JTFH01000262.1	LN:2332
@SQ	SN:JTFH01000263.1	LN:2331
@SQ	SN:JTFH01000264.1	LN:2330
@SQ	SN:JTFH01000265.1	LN:2323
@SQ	SN:JTFH01000266.1	LN:2319
@SQ	SN:JTFH01000267.1	LN:2314
@SQ	SN:JTFH01000268.1	LN:2308
@SQ	SN:JTFH01000269.1	LN:2306
@SQ	SN:JTFH01000270.1	LN:2296
@SQ	SN:JTFH01000271.1	LN:2287
@SQ	SN:JTFH01000272.1	LN:2279
@SQ	SN:JTFH01000273.1	LN:2276
@SQ	SN:JTFH01000274.1	LN:2273
@SQ	SN:JTFH01000275.1	LN:2262
@SQ	SN:JTFH01000276.1	LN:2254
@SQ	SN:JTFH01000277.1	LN:2252
@SQ	SN:JTFH01000278.1	LN:2245
@SQ	SN:JTFH01000279.1	LN:2239
@SQ	SN:JTFH01000280.1	LN:2223
@SQ	SN:JTFH01000281.1	LN:2220
@SQ	SN:JTFH01000282.1	LN:2218
@SQ	SN:JTFH01000283.1	LN:2215
@SQ	SN:JTFH01000284.1	LN:2213
@SQ	SN:JTFH01000285.1	LN:2203
@SQ	SN:JTFH01000286.1	LN:2200
@SQ	SN:JTFH01000287.1	LN:2197
@SQ	SN:JTFH01000288.1	LN:2194
@SQ	SN:JTFH01000289.1	LN:2183
@SQ	SN:JTFH01000290.1	LN:2179
@SQ	SN:JTFH01000291.1	LN:2177
@SQ	SN:JTFH01000292.1	LN:2177
@SQ	SN:JTFH01000293.1	LN:2177
@SQ	SN:JTFH01000294.1	LN:2168
@SQ	SN:JTFH01000295.1	LN:2160
@SQ	SN:JTFH01000296.1	LN:2155
@SQ	SN:JTFH01000297.1	LN:2144
@SQ	SN:JTFH01000298.1	LN:2143
@SQ	SN:JTFH01000299.1	LN:2136
@SQ	SN:JTFH01000300.1	LN:2134
@SQ	SN:JTFH01000301.1	LN:2129
@SQ	SN:JTFH01000302.1	LN:2128
@SQ	SN:JTFH01000303.1	LN:2125
@SQ	SN:JTFH01000304.1	LN:2125
@SQ	SN:JTFH01000305.1	LN:2122
@SQ	SN:JTFH01000306.1	LN:2111
@SQ	SN:JTFH01000307.1	LN:2106
@SQ	SN:JTFH01000308.1	LN:2094
@SQ	SN:JTFH01000309.1	LN:2093
@SQ	SN:JTFH01000310.1	LN:2088
@SQ	SN:JTFH01000311.1	LN:2086
@SQ	SN:JTFH01000312.1	LN:2086
@SQ	SN:JTFH01000313.1	LN:2084
@SQ	SN:JTFH01000314.1	LN:2080
@SQ	SN:JTFH01000315.1	LN:2079
@SQ	SN:JTFH01000316.1	LN:2076
@SQ	SN:JTFH01000317.1	LN:2071
@SQ	SN:JTFH01000318.1	LN:2066
@SQ	SN:JTFH01000319.1	LN:2061
@SQ	SN:JTFH01000320.1	LN:2055
@SQ	SN:JTFH01000321.1	LN:2053
@SQ	SN:JTFH01000322.1	LN:2040
@SQ	SN:JTFH01000323.1	LN:2036
@SQ	SN:JTFH01000324.1	LN:2035
@SQ	SN:JTFH01000325.1	LN:2034
@SQ	SN:JTFH01000326.1	LN:2032
@SQ	SN:JTFH01000327.1	LN:2029
@SQ	SN:JTFH01000328.1	LN:2025
@SQ	SN:JTFH01000329.1	LN:2021
@SQ	SN:JTFH01000330.1	LN:2018
@SQ	SN:JTFH01000331.1	LN:2015
@SQ	SN:JTFH01000332.1	LN:2009
@SQ	SN:JTFH01000333.1	LN:2007
@SQ	SN:JTFH01000334.1	LN:2005
@SQ	SN:JTFH01000335.1	LN:2003
@SQ	SN:JTFH01000336.1	LN:2001
@SQ	SN:JTFH01000337.1	LN:2001
@SQ	SN:JTFH01000338.1	LN:2000
@SQ	SN:JTFH01000339.1	LN:1996
@SQ	SN:JTFH01000340.1	LN:1992
@SQ	SN:JTFH01000341.1	LN:1985
@SQ	SN:JTFH01000342.1	LN:1981
@SQ	SN:JTFH01000343.1	LN:1977
@SQ	SN:JTFH01000344.1	LN:1971
@SQ	SN:JTFH01000345.1	LN:1968
@SQ	SN:JTFH01000346.1	LN:1962
@SQ	SN:JTFH01000347.1	LN:1961
@SQ	SN:JTFH01000348.1	LN:1960
@SQ	SN:JTFH01000349.1	LN:1960
@SQ	SN:JTFH01000350.1	LN:1954
@SQ	SN:JTFH01000351.1	LN:1952
@SQ	SN:JTFH01000352.1	LN:1947
@SQ	SN:JTFH01000353.1	LN:1944
@SQ	SN:JTFH01000354.1	LN:1943
@SQ	SN:JTFH01000355.1	LN:1941
@SQ	SN:JTFH01000356.1	LN:1937
@SQ	SN:JTFH01000357.1	LN:1934
@SQ	SN:JTFH01000358.1	LN:1929
@SQ	SN:JTFH01000359.1	LN:1924
@SQ	SN:JTFH01000360.1	LN:1924
@SQ	SN:JTFH01000361.1	LN:1923
@SQ	SN:JTFH01000362.1	LN:1921
@SQ	SN:JTFH01000363.1	LN:1918
@SQ	SN:JTFH01000364.1	LN:1915
@SQ	SN:JTFH01000365.1	LN:1915
@SQ	SN:JTFH01000366.1	LN:1914
@SQ	SN:JTFH01000367.1	LN:1912
@SQ	SN:JTFH01000368.1	LN:1910
@SQ	SN:JTFH01000369.1	LN:1907
@SQ	SN:JTFH01000370.1	LN:1904
@SQ	SN:JTFH01000371.1	LN:1897
@SQ	SN:JTFH01000372.1	LN:1891
@SQ	SN:JTFH01000373.1	LN:1890
@SQ	SN:JTFH01000374.1	LN:1888
@SQ	SN:JTFH01000375.1	LN:1888
@SQ	SN:JTFH01000376.1	LN:1885
@SQ	SN:JTFH01000377.1	LN:1881
@SQ	SN:JTFH01000378.1	LN:1879
@SQ	SN:JTFH01000379.1	LN:1877
@SQ	SN:JTFH01000380.1	LN:1876
@SQ	SN:JTFH01000381.1	LN:1876
@SQ	SN:JTFH01000382.1	LN:1874
@SQ	SN:JTFH01000383.1	LN:1872
@SQ	SN:JTFH01000384.1	LN:1869
@SQ	SN:JTFH01000385.1	LN:1866
@SQ	SN:JTFH01000386.1	LN:1865
@SQ	SN:JTFH01000387.1	LN:1865
@SQ	SN:JTFH01000388.1	LN:1865
@SQ	SN:JTFH01000389.1	LN:1862
@SQ	SN:JTFH01000390.1	LN:1862
@SQ	SN:JTFH01000391.1	LN:1859
@SQ	SN:JTFH01000392.1	LN:1856
@SQ	SN:JTFH01000393.1	LN:1856
@SQ	SN:JTFH01000394.1	LN:1854
@SQ	SN:JTFH01000395.1	LN:1850
@SQ	SN:JTFH01000396.1	LN:1849
@SQ	SN:JTFH01000397.1	LN:1849
@SQ	SN:JTFH01000398.1	LN:1847
@SQ	SN:JTFH01000399.1	LN:1839
@SQ	SN:JTFH01000400.1	LN:1834
@SQ	SN:JTFH01000401.1	LN:1821
@SQ	SN:JTFH01000402.1	LN:1815
@SQ	SN:JTFH01000403.1	LN:1811
@SQ	SN:JTFH01000404.1	LN:1808
@SQ	SN:JTFH01000405.1	LN:1808
@SQ	SN:JTFH01000406.1	LN:1807
@SQ	SN:JTFH01000407.1	LN:1807
@SQ	SN:JTFH01000408.1	LN:1802
@SQ	SN:JTFH01000409.1	LN:1801
@SQ	SN:JTFH01000410.1	LN:1800
@SQ	SN:JTFH01000411.1	LN:1795
@SQ	SN:JTFH01000412.1	LN:1794
@SQ	SN:JTFH01000413.1	LN:1792
@SQ	SN:JTFH01000414.1	LN:1788
@SQ	SN:JTFH01000415.1	LN:1786
@SQ	SN:JTFH01000416.1	LN:1782
@SQ	SN:JTFH01000417.1	LN:1782
@SQ	SN:JTFH01000418.1	LN:1781
@SQ	SN:JTFH01000419.1	LN:1781
@SQ	SN:JTFH01000420.1	LN:1779
@SQ	SN:JTFH01000421.1	LN:1777
@SQ	SN:JTFH01000422.1	LN:1764
@SQ	SN:JTFH01000423.1	LN:1762
@SQ	SN:JTFH01000424.1	LN:1755
@SQ	SN:JTFH01000425.1	LN:1749
@SQ	SN:JTFH01000426.1	LN:1747
@SQ	SN:JTFH01000427.1	LN:1746
@SQ	SN:JTFH01000428.1	LN:1745
@SQ	SN:JTFH01000429.1	LN:1744
@SQ	SN:JTFH01000430.1	LN:1742
@SQ	SN:JTFH01000431.1	LN:1740
@SQ	SN:JTFH01000432.1	LN:1740
@SQ	SN:JTFH01000433.1	LN:1736
@SQ	SN:JTFH01000434.1	LN:1735
@SQ	SN:JTFH01000435.1	LN:1732
@SQ	SN:JTFH01000436.1	LN:1732
@SQ	SN:JTFH01000437.1	LN:1730
@SQ	SN:JTFH01000438.1	LN:1727
@SQ	SN:JTFH01000439.1	LN:1722
@SQ	SN:JTFH01000440.1	LN:1718
@SQ	SN:JTFH01000441.1	LN:1716
@SQ	SN:JTFH01000442.1	LN:1710
@SQ	SN:JTFH01000443.1	LN:1708
@SQ	SN:JTFH01000444.1	LN:1707
@SQ	SN:JTFH01000445.1	LN:1706
@SQ	SN:JTFH01000446.1	LN:1705
@SQ	SN:JTFH01000447.1	LN:1704
@SQ	SN:JTFH01000448.1	LN:1699
@SQ	SN:JTFH01000449.1	LN:1698
@SQ	SN:JTFH01000450.1	LN:1697
@SQ	SN:JTFH01000451.1	LN:1697
@SQ	SN:JTFH01000452.1	LN:1695
@SQ	SN:JTFH01000453.1	LN:1695
@SQ	SN:JTFH01000454.1	LN:1693
@SQ	SN:JTFH01000455.1	LN:1687
@SQ	SN:JTFH01000456.1	LN:1686
@SQ	SN:JTFH01000457.1	LN:1680
@SQ	SN:JTFH01000458.1	LN:1679
@SQ	SN:JTFH01000459.1	LN:1679
@SQ	SN:JTFH01000460.1	LN:1678
@SQ	SN:JTFH01000461.1	LN:1674
@SQ	SN:JTFH01000462.1	LN:1674
@SQ	SN:JTFH01000463.1	LN:1671
@SQ	SN:JTFH01000464.1	LN:1669
@SQ	SN:JTFH01000465.1	LN:1665
@SQ	SN:JTFH01000466.1	LN:1663
@SQ	SN:JTFH01000467.1	LN:1657
@SQ	SN:JTFH01000468.1	LN:1653
@SQ	SN:JTFH01000469.1	LN:1652
@SQ	SN:JTFH01000470.1	LN:1650
@SQ	SN:JTFH01000471.1	LN:1649
@SQ	SN:JTFH01000472.1	LN:1649
@SQ	SN:JTFH01000473.1	LN:1640
@SQ	SN:JTFH01000474.1	LN:1638
@SQ	SN:JTFH01000475.1	LN:1636
@SQ	SN:JTFH01000476.1	LN:1632
@SQ	SN:JTFH01000477.1	LN:1631
@SQ	SN:JTFH01000478.1	LN:1630
@SQ	SN:JTFH01000479.1	LN:1627
@SQ	SN:JTFH01000480.1	LN:1624
@SQ	SN:JTFH01000481.1	LN:1617
@SQ	SN:JTFH01000482.1	LN:1616
@SQ	SN:JTFH01000483.1	LN:1615
@SQ	SN:JTFH01000484.1	LN:1611
@SQ	SN:JTFH01000485.1	LN:1611
@SQ	SN:JTFH01000486.1	LN:1606
@SQ	SN:JTFH01000487.1	LN:1605
@SQ	SN:JTFH01000488.1	LN:1605
@SQ	SN:JTFH01000489.1	LN:1600
@SQ	SN:JTFH01000490.1	LN:1598
@SQ	SN:JTFH01000491.1	LN:1598
@SQ	SN:JTFH01000492.1	LN:1597
@SQ	SN:JTFH01000493.1	LN:1596
@SQ	SN:JTFH01000494.1	LN:1595
@SQ	SN:JTFH01000495.1	LN:1592
@SQ	SN:JTFH01000496.1	LN:1589
@SQ	SN:JTFH01000497.1	LN:1585
@SQ	SN:JTFH01000498.1	LN:1579
@SQ	SN:JTFH01000499.1	LN:1578
@SQ	SN:JTFH01000500.1	LN:1577
@SQ	SN:JTFH01000501.1	LN:1577
@SQ	SN:JTFH01000502.1	LN:1577
@SQ	SN:JTFH01000503.1	LN:1576
@SQ	SN:JTFH01000504.1	LN:1575
@SQ	SN:JTFH01000505.1	LN:1574
@SQ	SN:JTFH01000506.1	LN:1572
@SQ	SN:JTFH01000507.1	LN:1571
@SQ	SN:JTFH01000508.1	LN:1563
@SQ	SN:JTFH01000509.1	LN:1561
@SQ	SN:JTFH01000510.1	LN:1561
@SQ	SN:JTFH01000511.1	LN:1560
@SQ	SN:JTFH01000512.1	LN:1560
@SQ	SN:JTFH01000513.1	LN:1554
@SQ	SN:JTFH01000514.1	LN:1552
@SQ	SN:JTFH01000515.1	LN:1548
@SQ	SN:JTFH01000516.1	LN:1546
@SQ	SN:JTFH01000517.1	LN:1541
@SQ	SN:JTFH01000518.1	LN:1536
@SQ	SN:JTFH01000519.1	LN:1533
@SQ	SN:JTFH01000520.1	LN:1532
@SQ	SN:JTFH01000521.1	LN:1532
@SQ	SN:JTFH01000522.1	LN:1530
@SQ	SN:JTFH01000523.1	LN:1527
@SQ	SN:JTFH01000524.1	LN:1526
@SQ	SN:JTFH01000525.1	LN:1524
@SQ	SN:JTFH01000526.1	LN:1523
@SQ	SN:JTFH01000527.1	LN:1523
@SQ	SN:JTFH01000528.1	LN:1522
@SQ	SN:JTFH01000529.1	LN:1522
@SQ	SN:JTFH01000530.1	LN:1519
@SQ	SN:JTFH01000531.1	LN:1513
@SQ	SN:JTFH01000532.1	LN:1508
@SQ	SN:JTFH01000533.1	LN:1508
@SQ	SN:JTFH01000534.1	LN:1505
@SQ	SN:JTFH01000535.1	LN:1503
@SQ	SN:JTFH01000536.1	LN:1496
@SQ	SN:JTFH01000537.1	LN:1491
@SQ	SN:JTFH01000538.1	LN:1490
@SQ	SN:JTFH01000539.1	LN:1490
@SQ	SN:JTFH01000540.1	LN:1487
@SQ	SN:JTFH01000541.1	LN:1486
@SQ	SN:JTFH01000542.1	LN:1485
@SQ	SN:JTFH01000543.1	LN:1484
@SQ	SN:JTFH01000544.1	LN:1483
@SQ	SN:JTFH01000545.1	LN:1479
@SQ	SN:JTFH01000546.1	LN:1479
@SQ	SN:JTFH01000547.1	LN:1476
@SQ	SN:JTFH01000548.1	LN:1475
@SQ	SN:JTFH01000549.1	LN:1472
@SQ	SN:JTFH01000550.1	LN:1469
@SQ	SN:JTFH01000551.1	LN:1468
@SQ	SN:JTFH01000552.1	LN:1467
@SQ	SN:JTFH01000553.1	LN:1465
@SQ	SN:JTFH01000554.1	LN:1464
@SQ	SN:JTFH01000555.1	LN:1463
@SQ	SN:JTFH01000556.1	LN:1463
@SQ	SN:JTFH01000557.1	LN:1459
@SQ	SN:JTFH01000558.1	LN:1459
@SQ	SN:JTFH01000559.1	LN:1458
@SQ	SN:JTFH01000560.1	LN:1458
@SQ	SN:JTFH01000561.1	LN:1454
@SQ	SN:JTFH01000562.1	LN:1449
@SQ	SN:JTFH01000563.1	LN:1449
@SQ	SN:JTFH01000564.1	LN:1448
@SQ	SN:JTFH01000565.1	LN:1446
@SQ	SN:JTFH01000566.1	LN:1442
@SQ	SN:JTFH01000567.1	LN:1441
@SQ	SN:JTFH01000568.1	LN:1440
@SQ	SN:JTFH01000569.1	LN:1439
@SQ	SN:JTFH01000570.1	LN:1437
@SQ	SN:JTFH01000571.1	LN:1436
@SQ	SN:JTFH01000572.1	LN:1429
@SQ	SN:JTFH01000573.1	LN:1429
@SQ	SN:JTFH01000574.1	LN:1427
@SQ	SN:JTFH01000575.1	LN:1426
@SQ	SN:JTFH01000576.1	LN:1425
@SQ	SN:JTFH01000577.1	LN:1424
@SQ	SN:JTFH01000578.1	LN:1424
@SQ	SN:JTFH01000579.1	LN:1423
@SQ	SN:JTFH01000580.1	LN:1423
@SQ	SN:JTFH01000581.1	LN:1423
@SQ	SN:JTFH01000582.1	LN:1414
@SQ	SN:JTFH01000583.1	LN:1414
@SQ	SN:JTFH01000584.1	LN:1413
@SQ	SN:JTFH01000585.1	LN:1413
@SQ	SN:JTFH01000586.1	LN:1410
@SQ	SN:JTFH01000587.1	LN:1409
@SQ	SN:JTFH01000588.1	LN:1409
@SQ	SN:JTFH01000589.1	LN:1406
@SQ	SN:JTFH01000590.1	LN:1405
@SQ	SN:JTFH01000591.1	LN:1405
@SQ	SN:JTFH01000592.1	LN:1404
@SQ	SN:JTFH01000593.1	LN:1404
@SQ	SN:JTFH01000594.1	LN:1402
@SQ	SN:JTFH01000595.1	LN:1402
@SQ	SN:JTFH01000596.1	LN:1402
@SQ	SN:JTFH01000597.1	LN:1402
@SQ	SN:JTFH01000598.1	LN:1400
@SQ	SN:JTFH01000599.1	LN:1398
@SQ	SN:JTFH01000600.1	LN:1396
@SQ	SN:JTFH01000601.1	LN:1395
@SQ	SN:JTFH01000602.1	LN:1394
@SQ	SN:JTFH01000603.1	LN:1393
@SQ	SN:JTFH01000604.1	LN:1391
@SQ	SN:JTFH01000605.1	LN:1389
@SQ	SN:JTFH01000606.1	LN:1389
@SQ	SN:JTFH01000607.1	LN:1388
@SQ	SN:JTFH01000608.1	LN:1387
@SQ	SN:JTFH01000609.1	LN:1384
@SQ	SN:JTFH01000610.1	LN:1381
@SQ	SN:JTFH01000611.1	LN:1381
@SQ	SN:JTFH01000612.1	LN:1379
@SQ	SN:JTFH01000613.1	LN:1377
@SQ	SN:JTFH01000614.1	LN:1376
@SQ	SN:JTFH01000615.1	LN:1376
@SQ	SN:JTFH01000616.1	LN:1375
@SQ	SN:JTFH01000617.1	LN:1374
@SQ	SN:JTFH01000618.1	LN:1372
@SQ	SN:JTFH01000619.1	LN:1371
@SQ	SN:JTFH01000620.1	LN:1370
@SQ	SN:JTFH01000621.1	LN:1370
@SQ	SN:JTFH01000622.1	LN:1366
@SQ	SN:JTFH01000623.1	LN:1363
@SQ	SN:JTFH01000624.1	LN:1360
@SQ	SN:JTFH01000625.1	LN:1356
@SQ	SN:JTFH01000626.1	LN:1355
@SQ	SN:JTFH01000627.1	LN:1355
@SQ	SN:JTFH01000628.1	LN:1352
@SQ	SN:JTFH01000629.1	LN:1345
@SQ	SN:JTFH01000630.1	LN:1344
@SQ	SN:JTFH01000631.1	LN:1344
@SQ	SN:JTFH01000632.1	LN:1342
@SQ	SN:JTFH01000633.1	LN:1342
@SQ	SN:JTFH01000634.1	LN:1336
@SQ	SN:JTFH01000635.1	LN:1334
@SQ	SN:JTFH01000636.1	LN:1334
@SQ	SN:JTFH01000637.1	LN:1333
@SQ	SN:JTFH01000638.1	LN:1332
@SQ	SN:JTFH01000639.1	LN:1328
@SQ	SN:JTFH01000640.1	LN:1328
@SQ	SN:JTFH01000641.1	LN:1328
@SQ	SN:JTFH01000642.1	LN:1327
@SQ	SN:JTFH01000643.1	LN:1325
@SQ	SN:JTFH01000644.1	LN:1322
@SQ	SN:JTFH01000645.1	LN:1320
@SQ	SN:JTFH01000646.1	LN:1319
@SQ	SN:JTFH01000647.1	LN:1318
@SQ	SN:JTFH01000648.1	LN:1315
@SQ	SN:JTFH01000649.1	LN:1314
@SQ	SN:JTFH01000650.1	LN:1313
@SQ	SN:JTFH01000651.1	LN:1313
@SQ	SN:JTFH01000652.1	LN:1312
@SQ	SN:JTFH01000653.1	LN:1310
@SQ	SN:JTFH01000654.1	LN:1309
@SQ	SN:JTFH01000655.1	LN:1309
@SQ	SN:JTFH01000656.1	LN:1307
@SQ	SN:JTFH01000657.1	LN:1307
@SQ	SN:JTFH01000658.1	LN:1305
@SQ	SN:JTFH01000659.1	LN:1304
@SQ	SN:JTFH01000660.1	LN:1303
@SQ	SN:JTFH01000661.1	LN:1302
@SQ	SN:JTFH01000662.1	LN:1302
@SQ	SN:JTFH01000663.1	LN:1301
@SQ	SN:JTFH01000664.1	LN:1301
@SQ	SN:JTFH01000665.1	LN:1300
@SQ	SN:JTFH01000666.1	LN:1299
@SQ	SN:JTFH01000667.1	LN:1297
@SQ	SN:JTFH01000668.1	LN:1295
@SQ	SN:JTFH01000669.1	LN:1294
@SQ	SN:JTFH01000670.1	LN:1293
@SQ	SN:JTFH01000671.1	LN:1291
@SQ	SN:JTFH01000672.1	LN:1291
@SQ	SN:JTFH01000673.1	LN:1289
@SQ	SN:JTFH01000674.1	LN:1288
@SQ	SN:JTFH01000675.1	LN:1288
@SQ	SN:JTFH01000676.1	LN:1287
@SQ	SN:JTFH01000677.1	LN:1287
@SQ	SN:JTFH01000678.1	LN:1287
@SQ	SN:JTFH01000679.1	LN:1286
@SQ	SN:JTFH01000680.1	LN:1283
@SQ	SN:JTFH01000681.1	LN:1281
@SQ	SN:JTFH01000682.1	LN:1277
@SQ	SN:JTFH01000683.1	LN:1274
@SQ	SN:JTFH01000684.1	LN:1270
@SQ	SN:JTFH01000685.1	LN:1267
@SQ	SN:JTFH01000686.1	LN:1266
@SQ	SN:JTFH01000687.1	LN:1260
@SQ	SN:JTFH01000688.1	LN:1259
@SQ	SN:JTFH01000689.1	LN:1258
@SQ	SN:JTFH01000690.1	LN:1258
@SQ	SN:JTFH01000691.1	LN:1258
@SQ	SN:JTFH01000692.1	LN:1256
@SQ	SN:JTFH01000693.1	LN:1255
@SQ	SN:JTFH01000694.1	LN:1254
@SQ	SN:JTFH01000695.1	LN:1254
@SQ	SN:JTFH01000696.1	LN:1253
@SQ	SN:JTFH01000697.1	LN:1250
@SQ	SN:JTFH01000698.1	LN:1249
@SQ	SN:JTFH01000699.1	LN:1248
@SQ	SN:JTFH01000700.1	LN:1248
@SQ	SN:JTFH01000701.1	LN:1247
@SQ	SN:JTFH01000702.1	LN:1242
@SQ	SN:JTFH01000703.1	LN:1242
@SQ	SN:JTFH01000704.1	LN:1241
@SQ	SN:JTFH01000705.1	LN:1241
@SQ	SN:JTFH01000706.1	LN:1241
@SQ	SN:JTFH01000707.1	LN:1239
@SQ	SN:JTFH01000708.1	LN:1238
@SQ	SN:JTFH01000709.1	LN:1237
@SQ	SN:JTFH01000710.1	LN:1236
@SQ	SN:JTFH01000711.1	LN:1235
@SQ	SN:JTFH01000712.1	LN:1234
@SQ	SN:JTFH01000713.1	LN:1234
@SQ	SN:JTFH01000714.1	LN:1234
@SQ	SN:JTFH01000715.1	LN:1233
@SQ	SN:JTFH01000716.1	LN:1232
@SQ	SN:JTFH01000717.1	LN:1232
@SQ	SN:JTFH01000718.1	LN:1231
@SQ	SN:JTFH01000719.1	LN:1230
@SQ	SN:JTFH01000720.1	LN:1228
@SQ	SN:JTFH01000721.1	LN:1227
@SQ	SN:JTFH01000722.1	LN:1227
@SQ	SN:JTFH01000723.1	LN:1226
@SQ	SN:JTFH01000724.1	LN:1224
@SQ	SN:JTFH01000725.1	LN:1224
@SQ	SN:JTFH01000726.1	LN:1220
@SQ	SN:JTFH01000727.1	LN:1220
@SQ	SN:JTFH01000728.1	LN:1219
@SQ	SN:JTFH01000729.1	LN:1217
@SQ	SN:JTFH01000730.1	LN:1216
@SQ	SN:JTFH01000731.1	LN:1215
@SQ	SN:JTFH01000732.1	LN:1214
@SQ	SN:JTFH01000733.1	LN:1214
@SQ	SN:JTFH01000734.1	LN:1214
@SQ	SN:JTFH01000735.1	LN:1213
@SQ	SN:JTFH01000736.1	LN:1212
@SQ	SN:JTFH01000737.1	LN:1209
@SQ	SN:JTFH01000738.1	LN:1208
@SQ	SN:JTFH01000739.1	LN:1207
@SQ	SN:JTFH01000740.1	LN:1207
@SQ	SN:JTFH01000741.1	LN:1207
@SQ	SN:JTFH01000742.1	LN:1206
@SQ	SN:JTFH01000743.1	LN:1206
@SQ	SN:JTFH01000744.1	LN:1205
@SQ	SN:JTFH01000745.1	LN:1205
@SQ	SN:JTFH01000746.1	LN:1204
@SQ	SN:JTFH01000747.1	LN:1204
@SQ	SN:JTFH01000748.1	LN:1204
@SQ	SN:JTFH01000749.1	LN:1203
@SQ	SN:JTFH01000750.1	LN:1201
@SQ	SN:JTFH01000751.1	LN:1201
@SQ	SN:JTFH01000752.1	LN:1200
@SQ	SN:JTFH01000753.1	LN:1200
@SQ	SN:JTFH01000754.1	LN:1199
@SQ	SN:JTFH01000755.1	LN:1198
@SQ	SN:JTFH01000756.1	LN:1197
@SQ	SN:JTFH01000757.1	LN:1196
@SQ	SN:JTFH01000758.1	LN:1195
@SQ	SN:JTFH01000759.1	LN:1194
@SQ	SN:JTFH01000760.1	LN:1194
@SQ	SN:JTFH01000761.1	LN:1191
@SQ	SN:JTFH01000762.1	LN:1189
@SQ	SN:JTFH01000763.1	LN:1186
@SQ	SN:JTFH01000764.1	LN:1186
@SQ	SN:JTFH01000765.1	LN:1184
@SQ	SN:JTFH01000766.1	LN:1183
@SQ	SN:JTFH01000767.1	LN:1183
@SQ	SN:JTFH01000768.1	LN:1182
@SQ	SN:JTFH01000769.1	LN:1181
@SQ	SN:JTFH01000770.1	LN:1181
@SQ	SN:JTFH01000771.1	LN:1181
@SQ	SN:JTFH01000772.1	LN:1181
@SQ	SN:JTFH01000773.1	LN:1179
@SQ	SN:JTFH01000774.1	LN:1178
@SQ	SN:JTFH01000775.1	LN:1178
@SQ	SN:JTFH01000776.1	LN:1177
@SQ	SN:JTFH01000777.1	LN:1177
@SQ	SN:JTFH01000778.1	LN:1171
@SQ	SN:JTFH01000779.1	LN:1171
@SQ	SN:JTFH01000780.1	LN:1171
@SQ	SN:JTFH01000781.1	LN:1170
@SQ	SN:JTFH01000782.1	LN:1170
@SQ	SN:JTFH01000783.1	LN:1167
@SQ	SN:JTFH01000784.1	LN:1167
@SQ	SN:JTFH01000785.1	LN:1167
@SQ	SN:JTFH01000786.1	LN:1165
@SQ	SN:JTFH01000787.1	LN:1165
@SQ	SN:JTFH01000788.1	LN:1162
@SQ	SN:JTFH01000789.1	LN:1157
@SQ	SN:JTFH01000790.1	LN:1156
@SQ	SN:JTFH01000791.1	LN:1156
@SQ	SN:JTFH01000792.1	LN:1154
@SQ	SN:JTFH01000793.1	LN:1154
@SQ	SN:JTFH01000794.1	LN:1151
@SQ	SN:JTFH01000795.1	LN:1151
@SQ	SN:JTFH01000796.1	LN:1150
@SQ	SN:JTFH01000797.1	LN:1150
@SQ	SN:JTFH01000798.1	LN:1147
@SQ	SN:JTFH01000799.1	LN:1147
@SQ	SN:JTFH01000800.1	LN:1146
@SQ	SN:JTFH01000801.1	LN:1144
@SQ	SN:JTFH01000802.1	LN:1144
@SQ	SN:JTFH01000803.1	LN:1143
@SQ	SN:JTFH01000804.1	LN:1142
@SQ	SN:JTFH01000805.1	LN:1141
@SQ	SN:JTFH01000806.1	LN:1141
@SQ	SN:JTFH01000807.1	LN:1140
@SQ	SN:JTFH01000808.1	LN:1138
@SQ	SN:JTFH01000809.1	LN:1134
@SQ	SN:JTFH01000810.1	LN:1134
@SQ	SN:JTFH01000811.1	LN:1132
@SQ	SN:JTFH01000812.1	LN:1131
@SQ	SN:JTFH01000813.1	LN:1131
@SQ	SN:JTFH01000814.1	LN:1130
@SQ	SN:JTFH01000815.1	LN:1127
@SQ	SN:JTFH01000816.1	LN:1126
@SQ	SN:JTFH01000817.1	LN:1124
@SQ	SN:JTFH01000818.1	LN:1122
@SQ	SN:JTFH01000819.1	LN:1122
@SQ	SN:JTFH01000820.1	LN:1121
@SQ	SN:JTFH01000821.1	LN:1119
@SQ	SN:JTFH01000822.1	LN:1119
@SQ	SN:JTFH01000823.1	LN:1119
@SQ	SN:JTFH01000824.1	LN:1119
@SQ	SN:JTFH01000825.1	LN:1118
@SQ	SN:JTFH01000826.1	LN:1116
@SQ	SN:JTFH01000827.1	LN:1116
@SQ	SN:JTFH01000828.1	LN:1115
@SQ	SN:JTFH01000829.1	LN:1115
@SQ	SN:JTFH01000830.1	LN:1115
@SQ	SN:JTFH01000831.1	LN:1114
@SQ	SN:JTFH01000832.1	LN:1113
@SQ	SN:JTFH01000833.1	LN:1113
@SQ	SN:JTFH01000834.1	LN:1110
@SQ	SN:JTFH01000835.1	LN:1110
@SQ	SN:JTFH01000836.1	LN:1109
@SQ	SN:JTFH01000837.1	LN:1108
@SQ	SN:JTFH01000838.1	LN:1107
@SQ	SN:JTFH01000839.1	LN:1107
@SQ	SN:JTFH01000840.1	LN:1107
@SQ	SN:JTFH01000841.1	LN:1107
@SQ	SN:JTFH01000842.1	LN:1106
@SQ	SN:JTFH01000843.1	LN:1103
@SQ	SN:JTFH01000844.1	LN:1103
@SQ	SN:JTFH01000845.1	LN:1103
@SQ	SN:JTFH01000846.1	LN:1100
@SQ	SN:JTFH01000847.1	LN:1099
@SQ	SN:JTFH01000848.1	LN:1098
@SQ	SN:JTFH01000849.1	LN:1097
@SQ	SN:JTFH01000850.1	LN:1096
@SQ	SN:JTFH01000851.1	LN:1096
@SQ	SN:JTFH01000852.1	LN:1094
@SQ	SN:JTFH01000853.1	LN:1093
@SQ	SN:JTFH01000854.1	LN:1090
@SQ	SN:JTFH01000855.1	LN:1088
@SQ	SN:JTFH01000856.1	LN:1087
@SQ	SN:JTFH01000857.1	LN:1086
@SQ	SN:JTFH01000858.1	LN:1085
@SQ	SN:JTFH01000859.1	LN:1084
@SQ	SN:JTFH01000860.1	LN:1084
@SQ	SN:JTFH01000861.1	LN:1084
@SQ	SN:JTFH01000862.1	LN:1084
@SQ	SN:JTFH01000863.1	LN:1083
@SQ	SN:JTFH01000864.1	LN:1083
@SQ	SN:JTFH01000865.1	LN:1082
@SQ	SN:JTFH01000866.1	LN:1082
@SQ	SN:JTFH01000867.1	LN:1081
@SQ	SN:JTFH01000868.1	LN:1081
@SQ	SN:JTFH01000869.1	LN:1079
@SQ	SN:JTFH01000870.1	LN:1076
@SQ	SN:JTFH01000871.1	LN:1074
@SQ	SN:JTFH01000872.1	LN:1073
@SQ	SN:JTFH01000873.1	LN:1073
@SQ	SN:JTFH01000874.1	LN:1071
@SQ	SN:JTFH01000875.1	LN:1069
@SQ	SN:JTFH01000876.1	LN:1067
@SQ	SN:JTFH01000877.1	LN:1067
@SQ	SN:JTFH01000878.1	LN:1067
@SQ	SN:JTFH01000879.1	LN:1066
@SQ	SN:JTFH01000880.1	LN:1065
@SQ	SN:JTFH01000881.1	LN:1065
@SQ	SN:JTFH01000882.1	LN:1065
@SQ	SN:JTFH01000883.1	LN:1065
@SQ	SN:JTFH01000884.1	LN:1065
@SQ	SN:JTFH01000885.1	LN:1064
@SQ	SN:JTFH01000886.1	LN:1064
@SQ	SN:JTFH01000887.1	LN:1064
@SQ	SN:JTFH01000888.1	LN:1063
@SQ	SN:JTFH01000889.1	LN:1062
@SQ	SN:JTFH01000890.1	LN:1062
@SQ	SN:JTFH01000891.1	LN:1062
@SQ	SN:JTFH01000892.1	LN:1061
@SQ	SN:JTFH01000893.1	LN:1060
@SQ	SN:JTFH01000894.1	LN:1057
@SQ	SN:JTFH01000895.1	LN:1057
@SQ	SN:JTFH01000896.1	LN:1056
@SQ	SN:JTFH01000897.1	LN:1055
@SQ	SN:JTFH01000898.1	LN:1055
@SQ	SN:JTFH01000899.1	LN:1055
@SQ	SN:JTFH01000900.1	LN:1055
@SQ	SN:JTFH01000901.1	LN:1054
@SQ	SN:JTFH01000902.1	LN:1051
@SQ	SN:JTFH01000903.1	LN:1050
@SQ	SN:JTFH01000904.1	LN:1050
@SQ	SN:JTFH01000905.1	LN:1049
@SQ	SN:JTFH01000906.1	LN:1048
@SQ	SN:JTFH01000907.1	LN:1047
@SQ	SN:JTFH01000908.1	LN:1046
@SQ	SN:JTFH01000909.1	LN:1046
@SQ	SN:JTFH01000910.1	LN:1046
@SQ	SN:JTFH01000911.1	LN:1045
@SQ	SN:JTFH01000912.1	LN:1045
@SQ	SN:JTFH01000913.1	LN:1045
@SQ	SN:JTFH01000914.1	LN:1044
@SQ	SN:JTFH01000915.1	LN:1042
@SQ	SN:JTFH01000916.1	LN:1041
@SQ	SN:JTFH01000917.1	LN:1039
@SQ	SN:JTFH01000918.1	LN:1039
@SQ	SN:JTFH01000919.1	LN:1038
@SQ	SN:JTFH01000920.1	LN:1036
@SQ	SN:JTFH01000921.1	LN:1036
@SQ	SN:JTFH01000922.1	LN:1035
@SQ	SN:JTFH01000923.1	LN:1035
@SQ	SN:JTFH01000924.1	LN:1033
@SQ	SN:JTFH01000925.1	LN:1032
@SQ	SN:JTFH01000926.1	LN:1031
@SQ	SN:JTFH01000927.1	LN:1031
@SQ	SN:JTFH01000928.1	LN:1031
@SQ	SN:JTFH01000929.1	LN:1027
@SQ	SN:JTFH01000930.1	LN:1027
@SQ	SN:JTFH01000931.1	LN:1026
@SQ	SN:JTFH01000932.1	LN:1026
@SQ	SN:JTFH01000933.1	LN:1024
@SQ	SN:JTFH01000934.1	LN:1024
@SQ	SN:JTFH01000935.1	LN:1022
@SQ	SN:JTFH01000936.1	LN:1022
@SQ	SN:JTFH01000937.1	LN:1021
@SQ	SN:JTFH01000938.1	LN:1020
@SQ	SN:JTFH01000939.1	LN:1019
@SQ	SN:JTFH01000940.1	LN:1018
@SQ	SN:JTFH01000941.1	LN:1018
@SQ	SN:JTFH01000942.1	LN:1018
@SQ	SN:JTFH01000943.1	LN:1016
@SQ	SN:JTFH01000944.1	LN:1010
@SQ	SN:JTFH01000945.1	LN:1010
@SQ	SN:JTFH01000946.1	LN:1009
@SQ	SN:JTFH01000947.1	LN:1008
@SQ	SN:JTFH01000948.1	LN:1007
@SQ	SN:JTFH01000949.1	LN:1006
@SQ	SN:JTFH01000950.1	LN:1005
@SQ	SN:JTFH01000951.1	LN:1005
@SQ	SN:JTFH01000952.1	LN:1004
@SQ	SN:JTFH01000953.1	LN:1004
@SQ	SN:JTFH01000954.1	LN:1003
@SQ	SN:JTFH01000955.1	LN:1003
@SQ	SN:JTFH01000956.1	LN:1003
@SQ	SN:JTFH01000957.1	LN:1003
@SQ	SN:JTFH01000958.1	LN:1002
@SQ	SN:JTFH01000959.1	LN:1002
@SQ	SN:JTFH01000960.1	LN:1000
@SQ	SN:JTFH01000961.1	LN:1000
@SQ	SN:JTFH01000962.1	LN:8358
@SQ	SN:JTFH01000963.1	LN:7932
@SQ	SN:JTFH01000964.1	LN:6846
@SQ	SN:JTFH01000965.1	LN:4591
@SQ	SN:JTFH01000966.1	LN:4041
@SQ	SN:JTFH01000967.1	LN:3841
@SQ	SN:JTFH01000968.1	LN:3754
@SQ	SN:JTFH01000969.1	LN:3743
@SQ	SN:JTFH01000970.1	LN:3702
@SQ	SN:JTFH01000971.1	LN:3625
@SQ	SN:JTFH01000972.1	LN:3529
@SQ	SN:JTFH01000973.1	LN:3508
@SQ	SN:JTFH01000974.1	LN:3359
@SQ	SN:JTFH01000975.1	LN:3320
@SQ	SN:JTFH01000976.1	LN:3231
@SQ	SN:JTFH01000977.1	LN:3220
@SQ	SN:JTFH01000978.1	LN:3212
@SQ	SN:JTFH01000979.1	LN:3192
@SQ	SN:JTFH01000980.1	LN:3092
@SQ	SN:JTFH01000981.1	LN:3087
@SQ	SN:JTFH01000982.1	LN:3048
@SQ	SN:JTFH01000983.1	LN:3005
@SQ	SN:JTFH01000984.1	LN:3004
@SQ	SN:JTFH01000985.1	LN:2959
@SQ	SN:JTFH01000986.1	LN:2934
@SQ	SN:JTFH01000987.1	LN:2933
@SQ	SN:JTFH01000988.1	LN:2827
@SQ	SN:JTFH01000989.1	LN:2794
@SQ	SN:JTFH01000990.1	LN:2749
@SQ	SN:JTFH01000991.1	LN:2745
@SQ	SN:JTFH01000992.1	LN:2733
@SQ	SN:JTFH01000993.1	LN:2698
@SQ	SN:JTFH01000994.1	LN:2665
@SQ	SN:JTFH01000995.1	LN:2634
@SQ	SN:JTFH01000996.1	LN:2492
@SQ	SN:JTFH01000997.1	LN:2489
@SQ	SN:JTFH01000998.1	LN:2468
@SQ	SN:JTFH01000999.1	LN:2414
@SQ	SN:JTFH01001000.1	LN:2395
@SQ	SN:JTFH01001001.1	LN:2356
@SQ	SN:JTFH01001002.1	LN:2339
@SQ	SN:JTFH01001003.1	LN:2310
@SQ	SN:JTFH01001004.1	LN:2288
@SQ	SN:JTFH01001005.1	LN:2285
@SQ	SN:JTFH01001006.1	LN:2269
@SQ	SN:JTFH01001007.1	LN:2253
@SQ	SN:JTFH01001008.1	LN:2203
@SQ	SN:JTFH01001009.1	LN:2176
@SQ	SN:JTFH01001010.1	LN:2159
@SQ	SN:JTFH01001011.1	LN:2155
@SQ	SN:JTFH01001012.1	LN:2149
@SQ	SN:JTFH01001013.1	LN:2129
@SQ	SN:JTFH01001014.1	LN:2116
@SQ	SN:JTFH01001015.1	LN:2113
@SQ	SN:JTFH01001016.1	LN:2098
@SQ	SN:JTFH01001017.1	LN:2066
@SQ	SN:JTFH01001018.1	LN:2066
@SQ	SN:JTFH01001019.1	LN:2059
@SQ	SN:JTFH01001020.1	LN:2047
@SQ	SN:JTFH01001021.1	LN:2040
@SQ	SN:JTFH01001022.1	LN:2030
@SQ	SN:JTFH01001023.1	LN:2024
@SQ	SN:JTFH01001024.1	LN:2001
@SQ	SN:JTFH01001025.1	LN:1992
@SQ	SN:JTFH01001026.1	LN:1981
@SQ	SN:JTFH01001027.1	LN:1979
@SQ	SN:JTFH01001028.1	LN:1957
@SQ	SN:JTFH01001029.1	LN:1953
@SQ	SN:JTFH01001030.1	LN:1944
@SQ	SN:JTFH01001031.1	LN:1936
@SQ	SN:JTFH01001032.1	LN:1932
@SQ	SN:JTFH01001033.1	LN:1882
@SQ	SN:JTFH01001034.1	LN:1878
@SQ	SN:JTFH01001035.1	LN:1870
@SQ	SN:JTFH01001036.1	LN:1821
@SQ	SN:JTFH01001037.1	LN:1813
@SQ	SN:JTFH01001038.1	LN:1809
@SQ	SN:JTFH01001039.1	LN:1804
@SQ	SN:JTFH01001040.1	LN:1797
@SQ	SN:JTFH01001041.1	LN:1791
@SQ	SN:JTFH01001042.1	LN:1781
@SQ	SN:JTFH01001043.1	LN:1766
@SQ	SN:JTFH01001044.1	LN:1764
@SQ	SN:JTFH01001045.1	LN:1743
@SQ	SN:JTFH01001046.1	LN:1741
@SQ	SN:JTFH01001047.1	LN:1709
@SQ	SN:JTFH01001048.1	LN:1706
@SQ	SN:JTFH01001049.1	LN:1701
@SQ	SN:JTFH01001050.1	LN:1689
@SQ	SN:JTFH01001051.1	LN:1646
@SQ	SN:JTFH01001052.1	LN:1641
@SQ	SN:JTFH01001053.1	LN:1639
@SQ	SN:JTFH01001054.1	LN:1636
@SQ	SN:JTFH01001055.1	LN:1632
@SQ	SN:JTFH01001056.1	LN:1629
@SQ	SN:JTFH01001057.1	LN:1623
@SQ	SN:JTFH01001058.1	LN:1622
@SQ	SN:JTFH01001059.1	LN:1622
@SQ	SN:JTFH01001060.1	LN:1619
@SQ	SN:JTFH01001061.1	LN:1606
@SQ	SN:JTFH01001062.1	LN:1593
@SQ	SN:JTFH01001063.1	LN:1592
@SQ	SN:JTFH01001064.1	LN:1558
@SQ	SN:JTFH01001065.1	LN:1545
@SQ	SN:JTFH01001066.1	LN:1542
@SQ	SN:JTFH01001067.1	LN:1540
@SQ	SN:JTFH01001068.1	LN:1529
@SQ	SN:JTFH01001069.1	LN:1518
@SQ	SN:JTFH01001070.1	LN:1515
@SQ	SN:JTFH01001071.1	LN:1513
@SQ	SN:JTFH01001072.1	LN:1507
@SQ	SN:JTFH01001073.1	LN:1504
@SQ	SN:JTFH01001074.1	LN:1499
@SQ	SN:JTFH01001075.1	LN:1495
@SQ	SN:JTFH01001076.1	LN:1495
@SQ	SN:JTFH01001077.1	LN:1492
@SQ	SN:JTFH01001078.1	LN:1492
@SQ	SN:JTFH01001079.1	LN:1489
@SQ	SN:JTFH01001080.1	LN:1485
@SQ	SN:JTFH01001081.1	LN:1483
@SQ	SN:JTFH01001082.1	LN:1473
@SQ	SN:JTFH01001083.1	LN:1470
@SQ	SN:JTFH01001084.1	LN:1463
@SQ	SN:JTFH01001085.1	LN:1460
@SQ	SN:JTFH01001086.1	LN:1458
@SQ	SN:JTFH01001087.1	LN:1456
@SQ	SN:JTFH01001088.1	LN:1453
@SQ	SN:JTFH01001089.1	LN:1443
@SQ	SN:JTFH01001090.1	LN:1441
@SQ	SN:JTFH01001091.1	LN:1426
@SQ	SN:JTFH01001092.1	LN:1425
@SQ	SN:JTFH01001093.1	LN:1418
@SQ	SN:JTFH01001094.1	LN:1413
@SQ	SN:JTFH01001095.1	LN:1413
@SQ	SN:JTFH01001096.1	LN:1412
@SQ	SN:JTFH01001097.1	LN:1407
@SQ	SN:JTFH01001098.1	LN:1406
@SQ	SN:JTFH01001099.1	LN:1396
@SQ	SN:JTFH01001100.1	LN:1390
@SQ	SN:JTFH01001101.1	LN:1382
@SQ	SN:JTFH01001102.1	LN:1376
@SQ	SN:JTFH01001103.1	LN:1375
@SQ	SN:JTFH01001104.1	LN:1371
@SQ	SN:JTFH01001105.1	LN:1367
@SQ	SN:JTFH01001106.1	LN:1364
@SQ	SN:JTFH01001107.1	LN:1356
@SQ	SN:JTFH01001108.1	LN:1355
@SQ	SN:JTFH01001109.1	LN:1352
@SQ	SN:JTFH01001110.1	LN:1350
@SQ	SN:JTFH01001111.1	LN:1346
@SQ	SN:JTFH01001112.1	LN:1345
@SQ	SN:JTFH01001113.1	LN:1340
@SQ	SN:JTFH01001114.1	LN:1330
@SQ	SN:JTFH01001115.1	LN:1329
@SQ	SN:JTFH01001116.1	LN:1324
@SQ	SN:JTFH01001117.1	LN:1316
@SQ	SN:JTFH01001118.1	LN:1307
@SQ	SN:JTFH01001119.1	LN:1304
@SQ	SN:JTFH01001120.1	LN:1304
@SQ	SN:JTFH01001121.1	LN:1303
@SQ	SN:JTFH01001122.1	LN:1301
@SQ	SN:JTFH01001123.1	LN:1300
@SQ	SN:JTFH01001124.1	LN:1297
@SQ	SN:JTFH01001125.1	LN:1296
@SQ	SN:JTFH01001126.1	LN:1290
@SQ	SN:JTFH01001127.1	LN:1284
@SQ	SN:JTFH01001128.1	LN:1282
@SQ	SN:JTFH01001129.1	LN:1281
@SQ	SN:JTFH01001130.1	LN:1280
@SQ	SN:JTFH01001131.1	LN:1279
@SQ	SN:JTFH01001132.1	LN:1272
@SQ	SN:JTFH01001133.1	LN:1267
@SQ	SN:JTFH01001134.1	LN:1267
@SQ	SN:JTFH01001135.1	LN:1266
@SQ	SN:JTFH01001136.1	LN:1264
@SQ	SN:JTFH01001137.1	LN:1264
@SQ	SN:JTFH01001138.1	LN:1264
@SQ	SN:JTFH01001139.1	LN:1263
@SQ	SN:JTFH01001140.1	LN:1249
@SQ	SN:JTFH01001141.1	LN:1240
@SQ	SN:JTFH01001142.1	LN:1239
@SQ	SN:JTFH01001143.1	LN:1235
@SQ	SN:JTFH01001144.1	LN:1235
@SQ	SN:JTFH01001145.1	LN:1233
@SQ	SN:JTFH01001146.1	LN:1232
@SQ	SN:JTFH01001147.1	LN:1230
@SQ	SN:JTFH01001148.1	LN:1226
@SQ	SN:JTFH01001149.1	LN:1223
@SQ	SN:JTFH01001150.1	LN:1214
@SQ	SN:JTFH01001151.1	LN:1213
@SQ	SN:JTFH01001152.1	LN:1211
@SQ	SN:JTFH01001153.1	LN:1209
@SQ	SN:JTFH01001154.1	LN:1202
@SQ	SN:JTFH01001155.1	LN:1199
@SQ	SN:JTFH01001156.1	LN:1197
@SQ	SN:JTFH01001157.1	LN:1193
@SQ	SN:JTFH01001158.1	LN:1191
@SQ	SN:JTFH01001159.1	LN:1187
@SQ	SN:JTFH01001160.1	LN:1186
@SQ	SN:JTFH01001161.1	LN:1184
@SQ	SN:JTFH01001162.1	LN:1184
@SQ	SN:JTFH01001163.1	LN:1182
@SQ	SN:JTFH01001164.1	LN:1179
@SQ	SN:JTFH01001165.1	LN:1173
@SQ	SN:JTFH01001166.1	LN:1169
@SQ	SN:JTFH01001167.1	LN:1167
@SQ	SN:JTFH01001168.1	LN:1166
@SQ	SN:JTFH01001169.1	LN:1165
@SQ	SN:JTFH01001170.1	LN:1164
@SQ	SN:JTFH01001171.1	LN:1163
@SQ	SN:JTFH01001172.1	LN:1158
@SQ	SN:JTFH01001173.1	LN:1158
@SQ	SN:JTFH01001174.1	LN:1157
@SQ	SN:JTFH01001175.1	LN:1157
@SQ	SN:JTFH01001176.1	LN:1157
@SQ	SN:JTFH01001177.1	LN:1155
@SQ	SN:JTFH01001178.1	LN:1154
@SQ	SN:JTFH01001179.1	LN:1149
@SQ	SN:JTFH01001180.1	LN:1148
@SQ	SN:JTFH01001181.1	LN:1148
@SQ	SN:JTFH01001182.1	LN:1146
@SQ	SN:JTFH01001183.1	LN:1144
@SQ	SN:JTFH01001184.1	LN:1140
@SQ	SN:JTFH01001185.1	LN:1136
@SQ	SN:JTFH01001186.1	LN:1134
@SQ	SN:JTFH01001187.1	LN:1133
@SQ	SN:JTFH01001188.1	LN:1129
@SQ	SN:JTFH01001189.1	LN:1127
@SQ	SN:JTFH01001190.1	LN:1127
@SQ	SN:JTFH01001191.1	LN:1118
@SQ	SN:JTFH01001192.1	LN:1110
@SQ	SN:JTFH01001193.1	LN:1104
@SQ	SN:JTFH01001194.1	LN:1104
@SQ	SN:JTFH01001195.1	LN:1101
@SQ	SN:JTFH01001196.1	LN:1098
@SQ	SN:JTFH01001197.1	LN:1096
@SQ	SN:JTFH01001198.1	LN:1094
@SQ	SN:JTFH01001199.1	LN:1091
@SQ	SN:JTFH01001200.1	LN:1089
@SQ	SN:JTFH01001201.1	LN:1086
@SQ	SN:JTFH01001202.1	LN:1085
@SQ	SN:JTFH01001203.1	LN:1084
@SQ	SN:JTFH01001204.1	LN:1083
@SQ	SN:JTFH01001205.1	LN:1083
@SQ	SN:JTFH01001206.1	LN:1079
@SQ	SN:JTFH01001207.1	LN:1076
@SQ	SN:JTFH01001208.1	LN:1069
@SQ	SN:JTFH01001209.1	LN:1068
@SQ	SN:JTFH01001210.1	LN:1067
@SQ	SN:JTFH01001211.1	LN:1067
@SQ	SN:JTFH01001212.1	LN:1067
@SQ	SN:JTFH01001213.1	LN:1063
@SQ	SN:JTFH01001214.1	LN:1062
@SQ	SN:JTFH01001215.1	LN:1059
@SQ	SN:JTFH01001216.1	LN:1058
@SQ	SN:JTFH01001217.1	LN:1058
@SQ	SN:JTFH01001218.1	LN:1055
@SQ	SN:JTFH01001219.1	LN:1054
@SQ	SN:JTFH01001220.1	LN:1054
@SQ	SN:JTFH01001221.1	LN:1053
@SQ	SN:JTFH01001222.1	LN:1053
@SQ	SN:JTFH01001223.1	LN:1052
@SQ	SN:JTFH01001224.1	LN:1051
@SQ	SN:JTFH01001225.1	LN:1049
@SQ	SN:JTFH01001226.1	LN:1047
@SQ	SN:JTFH01001227.1	LN:1044
@SQ	SN:JTFH01001228.1	LN:1043
@SQ	SN:JTFH01001229.1	LN:1043
@SQ	SN:JTFH01001230.1	LN:1042
@SQ	SN:JTFH01001231.1	LN:1042
@SQ	SN:JTFH01001232.1	LN:1041
@SQ	SN:JTFH01001233.1	LN:1040
@SQ	SN:JTFH01001234.1	LN:1039
@SQ	SN:JTFH01001235.1	LN:1038
@SQ	SN:JTFH01001236.1	LN:1037
@SQ	SN:JTFH01001237.1	LN:1037
@SQ	SN:JTFH01001238.1	LN:1035
@SQ	SN:JTFH01001239.1	LN:1027
@SQ	SN:JTFH01001240.1	LN:1021
@SQ	SN:JTFH01001241.1	LN:1021
@SQ	SN:JTFH01001242.1	LN:1019
@SQ	SN:JTFH01001243.1	LN:1019
@SQ	SN:JTFH01001244.1	LN:1016
@SQ	SN:JTFH01001245.1	LN:1014
@SQ	SN:JTFH01001246.1	LN:1013
@SQ	SN:JTFH01001247.1	LN:1009
@SQ	SN:JTFH01001248.1	LN:1008
@SQ	SN:JTFH01001249.1	LN:1007
@SQ	SN:JTFH01001250.1	LN:1004
@SQ	SN:JTFH01001251.1	LN:1004
@SQ	SN:JTFH01001252.1	LN:1003
@SQ	SN:JTFH01001253.1	LN:1001
@SQ	SN:JTFH01001254.1	LN:1000
@SQ	SN:JTFH01001255.1	LN:1000
@SQ	SN:JTFH01001256.1	LN:1000
@SQ	SN:JTFH01001257.1	LN:17929
@SQ	SN:JTFH01001258.1	LN:9749
@SQ	SN:JTFH01001259.1	LN:8053
@SQ	SN:JTFH01001260.1	LN:7826
@SQ	SN:JTFH01001261.1	LN:7768
@SQ	SN:JTFH01001262.1	LN:5691
@SQ	SN:JTFH01001263.1	LN:5444
@SQ	SN:JTFH01001264.1	LN:5077
@SQ	SN:JTFH01001265.1	LN:4990
@SQ	SN:JTFH01001266.1	LN:4545
@SQ	SN:JTFH01001267.1	LN:4544
@SQ	SN:JTFH01001268.1	LN:4202
@SQ	SN:JTFH01001269.1	LN:4195
@SQ	SN:JTFH01001270.1	LN:3807
@SQ	SN:JTFH01001271.1	LN:3741
@SQ	SN:JTFH01001272.1	LN:3699
@SQ	SN:JTFH01001273.1	LN:3640
@SQ	SN:JTFH01001274.1	LN:3531
@SQ	SN:JTFH01001275.1	LN:3455
@SQ	SN:JTFH01001276.1	LN:3411
@SQ	SN:JTFH01001277.1	LN:3387
@SQ	SN:JTFH01001278.1	LN:3358
@SQ	SN:JTFH01001279.1	LN:3285
@SQ	SN:JTFH01001280.1	LN:3273
@SQ	SN:JTFH01001281.1	LN:3262
@SQ	SN:JTFH01001282.1	LN:3259
@SQ	SN:JTFH01001283.1	LN:3222
@SQ	SN:JTFH01001284.1	LN:3127
@SQ	SN:JTFH01001285.1	LN:3110
@SQ	SN:JTFH01001286.1	LN:3104
@SQ	SN:JTFH01001287.1	LN:3071
@SQ	SN:JTFH01001288.1	LN:3063
@SQ	SN:JTFH01001289.1	LN:3059
@SQ	SN:JTFH01001290.1	LN:2990
@SQ	SN:JTFH01001291.1	LN:2986
@SQ	SN:JTFH01001292.1	LN:2928
@SQ	SN:JTFH01001293.1	LN:2922
@SQ	SN:JTFH01001294.1	LN:2875
@SQ	SN:JTFH01001295.1	LN:2859
@SQ	SN:JTFH01001296.1	LN:2850
@SQ	SN:JTFH01001297.1	LN:2813
@SQ	SN:JTFH01001298.1	LN:2785
@SQ	SN:JTFH01001299.1	LN:2736
@SQ	SN:JTFH01001300.1	LN:2688
@SQ	SN:JTFH01001301.1	LN:2658
@SQ	SN:JTFH01001302.1	LN:2643
@SQ	SN:JTFH01001303.1	LN:2618
@SQ	SN:JTFH01001304.1	LN:2605
@SQ	SN:JTFH01001305.1	LN:2583
@SQ	SN:JTFH01001306.1	LN:2534
@SQ	SN:JTFH01001307.1	LN:2512
@SQ	SN:JTFH01001308.1	LN:2500
@SQ	SN:JTFH01001309.1	LN:2481
@SQ	SN:JTFH01001310.1	LN:2478
@SQ	SN:JTFH01001311.1	LN:2473
@SQ	SN:JTFH01001312.1	LN:2467
@SQ	SN:JTFH01001313.1	LN:2442
@SQ	SN:JTFH01001314.1	LN:2430
@SQ	SN:JTFH01001315.1	LN:2417
@SQ	SN:JTFH01001316.1	LN:2408
@SQ	SN:JTFH01001317.1	LN:2395
@SQ	SN:JTFH01001318.1	LN:2352
@SQ	SN:JTFH01001319.1	LN:2337
@SQ	SN:JTFH01001320.1	LN:2322
@SQ	SN:JTFH01001321.1	LN:2307
@SQ	SN:JTFH01001322.1	LN:2306
@SQ	SN:JTFH01001323.1	LN:2292
@SQ	SN:JTFH01001324.1	LN:2271
@SQ	SN:JTFH01001325.1	LN:2265
@SQ	SN:JTFH01001326.1	LN:2260
@SQ	SN:JTFH01001327.1	LN:2240
@SQ	SN:JTFH01001328.1	LN:2238
@SQ	SN:JTFH01001329.1	LN:2228
@SQ	SN:JTFH01001330.1	LN:2215
@SQ	SN:JTFH01001331.1	LN:2205
@SQ	SN:JTFH01001332.1	LN:2191
@SQ	SN:JTFH01001333.1	LN:2191
@SQ	SN:JTFH01001334.1	LN:2190
@SQ	SN:JTFH01001335.1	LN:2184
@SQ	SN:JTFH01001336.1	LN:2166
@SQ	SN:JTFH01001337.1	LN:2165
@SQ	SN:JTFH01001338.1	LN:2162
@SQ	SN:JTFH01001339.1	LN:2146
@SQ	SN:JTFH01001340.1	LN:2116
@SQ	SN:JTFH01001341.1	LN:2112
@SQ	SN:JTFH01001342.1	LN:2108
@SQ	SN:JTFH01001343.1	LN:2106
@SQ	SN:JTFH01001344.1	LN:2106
@SQ	SN:JTFH01001345.1	LN:2106
@SQ	SN:JTFH01001346.1	LN:2097
@SQ	SN:JTFH01001347.1	LN:2081
@SQ	SN:JTFH01001348.1	LN:2058
@SQ	SN:JTFH01001349.1	LN:2055
@SQ	SN:JTFH01001350.1	LN:2054
@SQ	SN:JTFH01001351.1	LN:2037
@SQ	SN:JTFH01001352.1	LN:2032
@SQ	SN:JTFH01001353.1	LN:2032
@SQ	SN:JTFH01001354.1	LN:2020
@SQ	SN:JTFH01001355.1	LN:2018
@SQ	SN:JTFH01001356.1	LN:2014
@SQ	SN:JTFH01001357.1	LN:2001
@SQ	SN:JTFH01001358.1	LN:2001
@SQ	SN:JTFH01001359.1	LN:1991
@SQ	SN:JTFH01001360.1	LN:1990
@SQ	SN:JTFH01001361.1	LN:1983
@SQ	SN:JTFH01001362.1	LN:1981
@SQ	SN:JTFH01001363.1	LN:1981
@SQ	SN:JTFH01001364.1	LN:1979
@SQ	SN:JTFH01001365.1	LN:1963
@SQ	SN:JTFH01001366.1	LN:1932
@SQ	SN:JTFH01001367.1	LN:1929
@SQ	SN:JTFH01001368.1	LN:1881
@SQ	SN:JTFH01001369.1	LN:1874
@SQ	SN:JTFH01001370.1	LN:1849
@SQ	SN:JTFH01001371.1	LN:1849
@SQ	SN:JTFH01001372.1	LN:1833
@SQ	SN:JTFH01001373.1	LN:1832
@SQ	SN:JTFH01001374.1	LN:1826
@SQ	SN:JTFH01001375.1	LN:1814
@SQ	SN:JTFH01001376.1	LN:1814
@SQ	SN:JTFH01001377.1	LN:1791
@SQ	SN:JTFH01001378.1	LN:1789
@SQ	SN:JTFH01001379.1	LN:1786
@SQ	SN:JTFH01001380.1	LN:1778
@SQ	SN:JTFH01001381.1	LN:1776
@SQ	SN:JTFH01001382.1	LN:1762
@SQ	SN:JTFH01001383.1	LN:1758
@SQ	SN:JTFH01001384.1	LN:1757
@SQ	SN:JTFH01001385.1	LN:1754
@SQ	SN:JTFH01001386.1	LN:1752
@SQ	SN:JTFH01001387.1	LN:1751
@SQ	SN:JTFH01001388.1	LN:1749
@SQ	SN:JTFH01001389.1	LN:1738
@SQ	SN:JTFH01001390.1	LN:1729
@SQ	SN:JTFH01001391.1	LN:1726
@SQ	SN:JTFH01001392.1	LN:1716
@SQ	SN:JTFH01001393.1	LN:1712
@SQ	SN:JTFH01001394.1	LN:1711
@SQ	SN:JTFH01001395.1	LN:1703
@SQ	SN:JTFH01001396.1	LN:1702
@SQ	SN:JTFH01001397.1	LN:1699
@SQ	SN:JTFH01001398.1	LN:1686
@SQ	SN:JTFH01001399.1	LN:1684
@SQ	SN:JTFH01001400.1	LN:1680
@SQ	SN:JTFH01001401.1	LN:1678
@SQ	SN:JTFH01001402.1	LN:1678
@SQ	SN:JTFH01001403.1	LN:1677
@SQ	SN:JTFH01001404.1	LN:1676
@SQ	SN:JTFH01001405.1	LN:1672
@SQ	SN:JTFH01001406.1	LN:1669
@SQ	SN:JTFH01001407.1	LN:1668
@SQ	SN:JTFH01001408.1	LN:1663
@SQ	SN:JTFH01001409.1	LN:1660
@SQ	SN:JTFH01001410.1	LN:1660
@SQ	SN:JTFH01001411.1	LN:1658
@SQ	SN:JTFH01001412.1	LN:1656
@SQ	SN:JTFH01001413.1	LN:1656
@SQ	SN:JTFH01001414.1	LN:1652
@SQ	SN:JTFH01001415.1	LN:1647
@SQ	SN:JTFH01001416.1	LN:1645
@SQ	SN:JTFH01001417.1	LN:1641
@SQ	SN:JTFH01001418.1	LN:1638
@SQ	SN:JTFH01001419.1	LN:1633
@SQ	SN:JTFH01001420.1	LN:1626
@SQ	SN:JTFH01001421.1	LN:1614
@SQ	SN:JTFH01001422.1	LN:1612
@SQ	SN:JTFH01001423.1	LN:1605
@SQ	SN:JTFH01001424.1	LN:1603
@SQ	SN:JTFH01001425.1	LN:1599
@SQ	SN:JTFH01001426.1	LN:1589
@SQ	SN:JTFH01001427.1	LN:1588
@SQ	SN:JTFH01001428.1	LN:1585
@SQ	SN:JTFH01001429.1	LN:1584
@SQ	SN:JTFH01001430.1	LN:1584
@SQ	SN:JTFH01001431.1	LN:1580
@SQ	SN:JTFH01001432.1	LN:1572
@SQ	SN:JTFH01001433.1	LN:1570
@SQ	SN:JTFH01001434.1	LN:1569
@SQ	SN:JTFH01001435.1	LN:1568
@SQ	SN:JTFH01001436.1	LN:1567
@SQ	SN:JTFH01001437.1	LN:1565
@SQ	SN:JTFH01001438.1	LN:1559
@SQ	SN:JTFH01001439.1	LN:1559
@SQ	SN:JTFH01001440.1	LN:1556
@SQ	SN:JTFH01001441.1	LN:1554
@SQ	SN:JTFH01001442.1	LN:1549
@SQ	SN:JTFH01001443.1	LN:1542
@SQ	SN:JTFH01001444.1	LN:1541
@SQ	SN:JTFH01001445.1	LN:1538
@SQ	SN:JTFH01001446.1	LN:1537
@SQ	SN:JTFH01001447.1	LN:1535
@SQ	SN:JTFH01001448.1	LN:1530
@SQ	SN:JTFH01001449.1	LN:1528
@SQ	SN:JTFH01001450.1	LN:1522
@SQ	SN:JTFH01001451.1	LN:1514
@SQ	SN:JTFH01001452.1	LN:1509
@SQ	SN:JTFH01001453.1	LN:1507
@SQ	SN:JTFH01001454.1	LN:1500
@SQ	SN:JTFH01001455.1	LN:1499
@SQ	SN:JTFH01001456.1	LN:1499
@SQ	SN:JTFH01001457.1	LN:1497
@SQ	SN:JTFH01001458.1	LN:1496
@SQ	SN:JTFH01001459.1	LN:1488
@SQ	SN:JTFH01001460.1	LN:1486
@SQ	SN:JTFH01001461.1	LN:1485
@SQ	SN:JTFH01001462.1	LN:1481
@SQ	SN:JTFH01001463.1	LN:1479
@SQ	SN:JTFH01001464.1	LN:1472
@SQ	SN:JTFH01001465.1	LN:1472
@SQ	SN:JTFH01001466.1	LN:1470
@SQ	SN:JTFH01001467.1	LN:1466
@SQ	SN:JTFH01001468.1	LN:1465
@SQ	SN:JTFH01001469.1	LN:1461
@SQ	SN:JTFH01001470.1	LN:1458
@SQ	SN:JTFH01001471.1	LN:1457
@SQ	SN:JTFH01001472.1	LN:1448
@SQ	SN:JTFH01001473.1	LN:1447
@SQ	SN:JTFH01001474.1	LN:1444
@SQ	SN:JTFH01001475.1	LN:1443
@SQ	SN:JTFH01001476.1	LN:1443
@SQ	SN:JTFH01001477.1	LN:1438
@SQ	SN:JTFH01001478.1	LN:1432
@SQ	SN:JTFH01001479.1	LN:1430
@SQ	SN:JTFH01001480.1	LN:1430
@SQ	SN:JTFH01001481.1	LN:1429
@SQ	SN:JTFH01001482.1	LN:1429
@SQ	SN:JTFH01001483.1	LN:1429
@SQ	SN:JTFH01001484.1	LN:1426
@SQ	SN:JTFH01001485.1	LN:1426
@SQ	SN:JTFH01001486.1	LN:1420
@SQ	SN:JTFH01001487.1	LN:1416
@SQ	SN:JTFH01001488.1	LN:1416
@SQ	SN:JTFH01001489.1	LN:1415
@SQ	SN:JTFH01001490.1	LN:1415
@SQ	SN:JTFH01001491.1	LN:1414
@SQ	SN:JTFH01001492.1	LN:1413
@SQ	SN:JTFH01001493.1	LN:1410
@SQ	SN:JTFH01001494.1	LN:1405
@SQ	SN:JTFH01001495.1	LN:1402
@SQ	SN:JTFH01001496.1	LN:1398
@SQ	SN:JTFH01001497.1	LN:1397
@SQ	SN:JTFH01001498.1	LN:1395
@SQ	SN:JTFH01001499.1	LN:1392
@SQ	SN:JTFH01001500.1	LN:1388
@SQ	SN:JTFH01001501.1	LN:1386
@SQ	SN:JTFH01001502.1	LN:1382
@SQ	SN:JTFH01001503.1	LN:1381
@SQ	SN:JTFH01001504.1	LN:1379
@SQ	SN:JTFH01001505.1	LN:1376
@SQ	SN:JTFH01001506.1	LN:1374
@SQ	SN:JTFH01001507.1	LN:1374
@SQ	SN:JTFH01001508.1	LN:1373
@SQ	SN:JTFH01001509.1	LN:1373
@SQ	SN:JTFH01001510.1	LN:1372
@SQ	SN:JTFH01001511.1	LN:1370
@SQ	SN:JTFH01001512.1	LN:1367
@SQ	SN:JTFH01001513.1	LN:1365
@SQ	SN:JTFH01001514.1	LN:1364
@SQ	SN:JTFH01001515.1	LN:1361
@SQ	SN:JTFH01001516.1	LN:1361
@SQ	SN:JTFH01001517.1	LN:1355
@SQ	SN:JTFH01001518.1	LN:1355
@SQ	SN:JTFH01001519.1	LN:1354
@SQ	SN:JTFH01001520.1	LN:1353
@SQ	SN:JTFH01001521.1	LN:1349
@SQ	SN:JTFH01001522.1	LN:1345
@SQ	SN:JTFH01001523.1	LN:1344
@SQ	SN:JTFH01001524.1	LN:1343
@SQ	SN:JTFH01001525.1	LN:1338
@SQ	SN:JTFH01001526.1	LN:1338
@SQ	SN:JTFH01001527.1	LN:1338
@SQ	SN:JTFH01001528.1	LN:1336
@SQ	SN:JTFH01001529.1	LN:1333
@SQ	SN:JTFH01001530.1	LN:1333
@SQ	SN:JTFH01001531.1	LN:1332
@SQ	SN:JTFH01001532.1	LN:1324
@SQ	SN:JTFH01001533.1	LN:1323
@SQ	SN:JTFH01001534.1	LN:1323
@SQ	SN:JTFH01001535.1	LN:1320
@SQ	SN:JTFH01001536.1	LN:1320
@SQ	SN:JTFH01001537.1	LN:1317
@SQ	SN:JTFH01001538.1	LN:1316
@SQ	SN:JTFH01001539.1	LN:1304
@SQ	SN:JTFH01001540.1	LN:1304
@SQ	SN:JTFH01001541.1	LN:1303
@SQ	SN:JTFH01001542.1	LN:1302
@SQ	SN:JTFH01001543.1	LN:1301
@SQ	SN:JTFH01001544.1	LN:1300
@SQ	SN:JTFH01001545.1	LN:1298
@SQ	SN:JTFH01001546.1	LN:1297
@SQ	SN:JTFH01001547.1	LN:1295
@SQ	SN:JTFH01001548.1	LN:1284
@SQ	SN:JTFH01001549.1	LN:1283
@SQ	SN:JTFH01001550.1	LN:1283
@SQ	SN:JTFH01001551.1	LN:1279
@SQ	SN:JTFH01001552.1	LN:1278
@SQ	SN:JTFH01001553.1	LN:1271
@SQ	SN:JTFH01001554.1	LN:1271
@SQ	SN:JTFH01001555.1	LN:1268
@SQ	SN:JTFH01001556.1	LN:1264
@SQ	SN:JTFH01001557.1	LN:1263
@SQ	SN:JTFH01001558.1	LN:1262
@SQ	SN:JTFH01001559.1	LN:1261
@SQ	SN:JTFH01001560.1	LN:1260
@SQ	SN:JTFH01001561.1	LN:1259
@SQ	SN:JTFH01001562.1	LN:1259
@SQ	SN:JTFH01001563.1	LN:1258
@SQ	SN:JTFH01001564.1	LN:1256
@SQ	SN:JTFH01001565.1	LN:1253
@SQ	SN:JTFH01001566.1	LN:1248
@SQ	SN:JTFH01001567.1	LN:1248
@SQ	SN:JTFH01001568.1	LN:1246
@SQ	SN:JTFH01001569.1	LN:1246
@SQ	SN:JTFH01001570.1	LN:1244
@SQ	SN:JTFH01001571.1	LN:1238
@SQ	SN:JTFH01001572.1	LN:1238
@SQ	SN:JTFH01001573.1	LN:1236
@SQ	SN:JTFH01001574.1	LN:1234
@SQ	SN:JTFH01001575.1	LN:1234
@SQ	SN:JTFH01001576.1	LN:1231
@SQ	SN:JTFH01001577.1	LN:1231
@SQ	SN:JTFH01001578.1	LN:1230
@SQ	SN:JTFH01001579.1	LN:1230
@SQ	SN:JTFH01001580.1	LN:1228
@SQ	SN:JTFH01001581.1	LN:1227
@SQ	SN:JTFH01001582.1	LN:1222
@SQ	SN:JTFH01001583.1	LN:1222
@SQ	SN:JTFH01001584.1	LN:1221
@SQ	SN:JTFH01001585.1	LN:1221
@SQ	SN:JTFH01001586.1	LN:1220
@SQ	SN:JTFH01001587.1	LN:1218
@SQ	SN:JTFH01001588.1	LN:1218
@SQ	SN:JTFH01001589.1	LN:1216
@SQ	SN:JTFH01001590.1	LN:1216
@SQ	SN:JTFH01001591.1	LN:1212
@SQ	SN:JTFH01001592.1	LN:1210
@SQ	SN:JTFH01001593.1	LN:1209
@SQ	SN:JTFH01001594.1	LN:1208
@SQ	SN:JTFH01001595.1	LN:1208
@SQ	SN:JTFH01001596.1	LN:1206
@SQ	SN:JTFH01001597.1	LN:1205
@SQ	SN:JTFH01001598.1	LN:1205
@SQ	SN:JTFH01001599.1	LN:1202
@SQ	SN:JTFH01001600.1	LN:1200
@SQ	SN:JTFH01001601.1	LN:1199
@SQ	SN:JTFH01001602.1	LN:1198
@SQ	SN:JTFH01001603.1	LN:1198
@SQ	SN:JTFH01001604.1	LN:1198
@SQ	SN:JTFH01001605.1	LN:1195
@SQ	SN:JTFH01001606.1	LN:1194
@SQ	SN:JTFH01001607.1	LN:1191
@SQ	SN:JTFH01001608.1	LN:1189
@SQ	SN:JTFH01001609.1	LN:1188
@SQ	SN:JTFH01001610.1	LN:1180
@SQ	SN:JTFH01001611.1	LN:1180
@SQ	SN:JTFH01001612.1	LN:1179
@SQ	SN:JTFH01001613.1	LN:1172
@SQ	SN:JTFH01001614.1	LN:1168
@SQ	SN:JTFH01001615.1	LN:1166
@SQ	SN:JTFH01001616.1	LN:1157
@SQ	SN:JTFH01001617.1	LN:1156
@SQ	SN:JTFH01001618.1	LN:1156
@SQ	SN:JTFH01001619.1	LN:1155
@SQ	SN:JTFH01001620.1	LN:1154
@SQ	SN:JTFH01001621.1	LN:1154
@SQ	SN:JTFH01001622.1	LN:1149
@SQ	SN:JTFH01001623.1	LN:1143
@SQ	SN:JTFH01001624.1	LN:1143
@SQ	SN:JTFH01001625.1	LN:1140
@SQ	SN:JTFH01001626.1	LN:1137
@SQ	SN:JTFH01001627.1	LN:1135
@SQ	SN:JTFH01001628.1	LN:1135
@SQ	SN:JTFH01001629.1	LN:1135
@SQ	SN:JTFH01001630.1	LN:1127
@SQ	SN:JTFH01001631.1	LN:1127
@SQ	SN:JTFH01001632.1	LN:1126
@SQ	SN:JTFH01001633.1	LN:1123
@SQ	SN:JTFH01001634.1	LN:1123
@SQ	SN:JTFH01001635.1	LN:1123
@SQ	SN:JTFH01001636.1	LN:1122
@SQ	SN:JTFH01001637.1	LN:1122
@SQ	SN:JTFH01001638.1	LN:1121
@SQ	SN:JTFH01001639.1	LN:1121
@SQ	SN:JTFH01001640.1	LN:1119
@SQ	SN:JTFH01001641.1	LN:1119
@SQ	SN:JTFH01001642.1	LN:1119
@SQ	SN:JTFH01001643.1	LN:1118
@SQ	SN:JTFH01001644.1	LN:1115
@SQ	SN:JTFH01001645.1	LN:1106
@SQ	SN:JTFH01001646.1	LN:1106
@SQ	SN:JTFH01001647.1	LN:1104
@SQ	SN:JTFH01001648.1	LN:1102
@SQ	SN:JTFH01001649.1	LN:1101
@SQ	SN:JTFH01001650.1	LN:1098
@SQ	SN:JTFH01001651.1	LN:1098
@SQ	SN:JTFH01001652.1	LN:1096
@SQ	SN:JTFH01001653.1	LN:1096
@SQ	SN:JTFH01001654.1	LN:1095
@SQ	SN:JTFH01001655.1	LN:1093
@SQ	SN:JTFH01001656.1	LN:1090
@SQ	SN:JTFH01001657.1	LN:1089
@SQ	SN:JTFH01001658.1	LN:1087
@SQ	SN:JTFH01001659.1	LN:1087
@SQ	SN:JTFH01001660.1	LN:1085
@SQ	SN:JTFH01001661.1	LN:1085
@SQ	SN:JTFH01001662.1	LN:1085
@SQ	SN:JTFH01001663.1	LN:1083
@SQ	SN:JTFH01001664.1	LN:1080
@SQ	SN:JTFH01001665.1	LN:1080
@SQ	SN:JTFH01001666.1	LN:1079
@SQ	SN:JTFH01001667.1	LN:1079
@SQ	SN:JTFH01001668.1	LN:1079
@SQ	SN:JTFH01001669.1	LN:1075
@SQ	SN:JTFH01001670.1	LN:1074
@SQ	SN:JTFH01001671.1	LN:1073
@SQ	SN:JTFH01001672.1	LN:1070
@SQ	SN:JTFH01001673.1	LN:1068
@SQ	SN:JTFH01001674.1	LN:1067
@SQ	SN:JTFH01001675.1	LN:1066
@SQ	SN:JTFH01001676.1	LN:1066
@SQ	SN:JTFH01001677.1	LN:1066
@SQ	SN:JTFH01001678.1	LN:1063
@SQ	SN:JTFH01001679.1	LN:1063
@SQ	SN:JTFH01001680.1	LN:1063
@SQ	SN:JTFH01001681.1	LN:1062
@SQ	SN:JTFH01001682.1	LN:1058
@SQ	SN:JTFH01001683.1	LN:1056
@SQ	SN:JTFH01001684.1	LN:1052
@SQ	SN:JTFH01001685.1	LN:1051
@SQ	SN:JTFH01001686.1	LN:1051
@SQ	SN:JTFH01001687.1	LN:1050
@SQ	SN:JTFH01001688.1	LN:1048
@SQ	SN:JTFH01001689.1	LN:1046
@SQ	SN:JTFH01001690.1	LN:1046
@SQ	SN:JTFH01001691.1	LN:1045
@SQ	SN:JTFH01001692.1	LN:1043
@SQ	SN:JTFH01001693.1	LN:1038
@SQ	SN:JTFH01001694.1	LN:1036
@SQ	SN:JTFH01001695.1	LN:1035
@SQ	SN:JTFH01001696.1	LN:1035
@SQ	SN:JTFH01001697.1	LN:1035
@SQ	SN:JTFH01001698.1	LN:1033
@SQ	SN:JTFH01001699.1	LN:1032
@SQ	SN:JTFH01001700.1	LN:1031
@SQ	SN:JTFH01001701.1	LN:1026
@SQ	SN:JTFH01001702.1	LN:1026
@SQ	SN:JTFH01001703.1	LN:1026
@SQ	SN:JTFH01001704.1	LN:1023
@SQ	SN:JTFH01001705.1	LN:1022
@SQ	SN:JTFH01001706.1	LN:1020
@SQ	SN:JTFH01001707.1	LN:1020
@SQ	SN:JTFH01001708.1	LN:1020
@SQ	SN:JTFH01001709.1	LN:1019
@SQ	SN:JTFH01001710.1	LN:1018
@SQ	SN:JTFH01001711.1	LN:1018
@SQ	SN:JTFH01001712.1	LN:1017
@SQ	SN:JTFH01001713.1	LN:1015
@SQ	SN:JTFH01001714.1	LN:1015
@SQ	SN:JTFH01001715.1	LN:1015
@SQ	SN:JTFH01001716.1	LN:1014
@SQ	SN:JTFH01001717.1	LN:1014
@SQ	SN:JTFH01001718.1	LN:1013
@SQ	SN:JTFH01001719.1	LN:1013
@SQ	SN:JTFH01001720.1	LN:1013
@SQ	SN:JTFH01001721.1	LN:1012
@SQ	SN:JTFH01001722.1	LN:1011
@SQ	SN:JTFH01001723.1	LN:1011
@SQ	SN:JTFH01001724.1	LN:1009
@SQ	SN:JTFH01001725.1	LN:1008
@SQ	SN:JTFH01001726.1	LN:1008
@SQ	SN:JTFH01001727.1	LN:1007
@SQ	SN:JTFH01001728.1	LN:1007
@SQ	SN:JTFH01001729.1	LN:1007
@SQ	SN:JTFH01001730.1	LN:1006
@SQ	SN:JTFH01001731.1	LN:1005
@SQ	SN:JTFH01001732.1	LN:1003
@SQ	SN:JTFH01001733.1	LN:1001
@SQ	SN:JTFH01001734.1	LN:1000
@SQ	SN:JTFH01001735.1	LN:19311
@SQ	SN:JTFH01001736.1	LN:11713
@SQ	SN:JTFH01001737.1	LN:11263
@SQ	SN:JTFH01001738.1	LN:9779
@SQ	SN:JTFH01001739.1	LN:9568
@SQ	SN:JTFH01001740.1	LN:9344
@SQ	SN:JTFH01001741.1	LN:9188
@SQ	SN:JTFH01001742.1	LN:9100
@SQ	SN:JTFH01001743.1	LN:8771
@SQ	SN:JTFH01001744.1	LN:8690
@SQ	SN:JTFH01001745.1	LN:8566
@SQ	SN:JTFH01001746.1	LN:8058
@SQ	SN:JTFH01001747.1	LN:7759
@SQ	SN:JTFH01001748.1	LN:7585
@SQ	SN:JTFH01001749.1	LN:7471
@SQ	SN:JTFH01001750.1	LN:7461
@SQ	SN:JTFH01001751.1	LN:7342
@SQ	SN:JTFH01001752.1	LN:7223
@SQ	SN:JTFH01001753.1	LN:7064
@SQ	SN:JTFH01001754.1	LN:6916
@SQ	SN:JTFH01001755.1	LN:6897
@SQ	SN:JTFH01001756.1	LN:6880
@SQ	SN:JTFH01001757.1	LN:6857
@SQ	SN:JTFH01001758.1	LN:6840
@SQ	SN:JTFH01001759.1	LN:6728
@SQ	SN:JTFH01001760.1	LN:6688
@SQ	SN:JTFH01001761.1	LN:6553
@SQ	SN:JTFH01001762.1	LN:6396
@SQ	SN:JTFH01001763.1	LN:6345
@SQ	SN:JTFH01001764.1	LN:6295
@SQ	SN:JTFH01001765.1	LN:6266
@SQ	SN:JTFH01001766.1	LN:6173
@SQ	SN:JTFH01001767.1	LN:6171
@SQ	SN:JTFH01001768.1	LN:6120
@SQ	SN:JTFH01001769.1	LN:6105
@SQ	SN:JTFH01001770.1	LN:6099
@SQ	SN:JTFH01001771.1	LN:5893
@SQ	SN:JTFH01001772.1	LN:5829
@SQ	SN:JTFH01001773.1	LN:5793
@SQ	SN:JTFH01001774.1	LN:5776
@SQ	SN:JTFH01001775.1	LN:5759
@SQ	SN:JTFH01001776.1	LN:5716
@SQ	SN:JTFH01001777.1	LN:5708
@SQ	SN:JTFH01001778.1	LN:5590
@SQ	SN:JTFH01001779.1	LN:5566
@SQ	SN:JTFH01001780.1	LN:5558
@SQ	SN:JTFH01001781.1	LN:5418
@SQ	SN:JTFH01001782.1	LN:5375
@SQ	SN:JTFH01001783.1	LN:5300
@SQ	SN:JTFH01001784.1	LN:5255
@SQ	SN:JTFH01001785.1	LN:5157
@SQ	SN:JTFH01001786.1	LN:5130
@SQ	SN:JTFH01001787.1	LN:4978
@SQ	SN:JTFH01001788.1	LN:4957
@SQ	SN:JTFH01001789.1	LN:4947
@SQ	SN:JTFH01001790.1	LN:4897
@SQ	SN:JTFH01001791.1	LN:4867
@SQ	SN:JTFH01001792.1	LN:4845
@SQ	SN:JTFH01001793.1	LN:4678
@SQ	SN:JTFH01001794.1	LN:4641
@SQ	SN:JTFH01001795.1	LN:4592
@SQ	SN:JTFH01001796.1	LN:4543
@SQ	SN:JTFH01001797.1	LN:4532
@SQ	SN:JTFH01001798.1	LN:4503
@SQ	SN:JTFH01001799.1	LN:4495
@SQ	SN:JTFH01001800.1	LN:4444
@SQ	SN:JTFH01001801.1	LN:4414
@SQ	SN:JTFH01001802.1	LN:4409
@SQ	SN:JTFH01001803.1	LN:4302
@SQ	SN:JTFH01001804.1	LN:4300
@SQ	SN:JTFH01001805.1	LN:4277
@SQ	SN:JTFH01001806.1	LN:4173
@SQ	SN:JTFH01001807.1	LN:4169
@SQ	SN:JTFH01001808.1	LN:4136
@SQ	SN:JTFH01001809.1	LN:4101
@SQ	SN:JTFH01001810.1	LN:4089
@SQ	SN:JTFH01001811.1	LN:4015
@SQ	SN:JTFH01001812.1	LN:4000
@SQ	SN:JTFH01001813.1	LN:3973
@SQ	SN:JTFH01001814.1	LN:3732
@SQ	SN:JTFH01001815.1	LN:3709
@SQ	SN:JTFH01001816.1	LN:3686
@SQ	SN:JTFH01001817.1	LN:3676
@SQ	SN:JTFH01001818.1	LN:3673
@SQ	SN:JTFH01001819.1	LN:3672
@SQ	SN:JTFH01001820.1	LN:3633
@SQ	SN:JTFH01001821.1	LN:3633
@SQ	SN:JTFH01001822.1	LN:3613
@SQ	SN:JTFH01001823.1	LN:3605
@SQ	SN:JTFH01001824.1	LN:3592
@SQ	SN:JTFH01001825.1	LN:3586
@SQ	SN:JTFH01001826.1	LN:3584
@SQ	SN:JTFH01001827.1	LN:3577
@SQ	SN:JTFH01001828.1	LN:3537
@SQ	SN:JTFH01001829.1	LN:3510
@SQ	SN:JTFH01001830.1	LN:3509
@SQ	SN:JTFH01001831.1	LN:3488
@SQ	SN:JTFH01001832.1	LN:3473
@SQ	SN:JTFH01001833.1	LN:3445
@SQ	SN:JTFH01001834.1	LN:3427
@SQ	SN:JTFH01001835.1	LN:3395
@SQ	SN:JTFH01001836.1	LN:3367
@SQ	SN:JTFH01001837.1	LN:3337
@SQ	SN:JTFH01001838.1	LN:3324
@SQ	SN:JTFH01001839.1	LN:3315
@SQ	SN:JTFH01001840.1	LN:3313
@SQ	SN:JTFH01001841.1	LN:3283
@SQ	SN:JTFH01001842.1	LN:3250
@SQ	SN:JTFH01001843.1	LN:3247
@SQ	SN:JTFH01001844.1	LN:3237
@SQ	SN:JTFH01001845.1	LN:3235
@SQ	SN:JTFH01001846.1	LN:3200
@SQ	SN:JTFH01001847.1	LN:3195
@SQ	SN:JTFH01001848.1	LN:3175
@SQ	SN:JTFH01001849.1	LN:3158
@SQ	SN:JTFH01001850.1	LN:3143
@SQ	SN:JTFH01001851.1	LN:3139
@SQ	SN:JTFH01001852.1	LN:3138
@SQ	SN:JTFH01001853.1	LN:3136
@SQ	SN:JTFH01001854.1	LN:3132
@SQ	SN:JTFH01001855.1	LN:3132
@SQ	SN:JTFH01001856.1	LN:3095
@SQ	SN:JTFH01001857.1	LN:3094
@SQ	SN:JTFH01001858.1	LN:3093
@SQ	SN:JTFH01001859.1	LN:3059
@SQ	SN:JTFH01001860.1	LN:2985
@SQ	SN:JTFH01001861.1	LN:2975
@SQ	SN:JTFH01001862.1	LN:2967
@SQ	SN:JTFH01001863.1	LN:2961
@SQ	SN:JTFH01001864.1	LN:2955
@SQ	SN:JTFH01001865.1	LN:2935
@SQ	SN:JTFH01001866.1	LN:2933
@SQ	SN:JTFH01001867.1	LN:2909
@SQ	SN:JTFH01001868.1	LN:2904
@SQ	SN:JTFH01001869.1	LN:2892
@SQ	SN:JTFH01001870.1	LN:2886
@SQ	SN:JTFH01001871.1	LN:2885
@SQ	SN:JTFH01001872.1	LN:2878
@SQ	SN:JTFH01001873.1	LN:2875
@SQ	SN:JTFH01001874.1	LN:2861
@SQ	SN:JTFH01001875.1	LN:2856
@SQ	SN:JTFH01001876.1	LN:2838
@SQ	SN:JTFH01001877.1	LN:2801
@SQ	SN:JTFH01001878.1	LN:2797
@SQ	SN:JTFH01001879.1	LN:2788
@SQ	SN:JTFH01001880.1	LN:2773
@SQ	SN:JTFH01001881.1	LN:2755
@SQ	SN:JTFH01001882.1	LN:2754
@SQ	SN:JTFH01001883.1	LN:2743
@SQ	SN:JTFH01001884.1	LN:2725
@SQ	SN:JTFH01001885.1	LN:2722
@SQ	SN:JTFH01001886.1	LN:2682
@SQ	SN:JTFH01001887.1	LN:2669
@SQ	SN:JTFH01001888.1	LN:2663
@SQ	SN:JTFH01001889.1	LN:2652
@SQ	SN:JTFH01001890.1	LN:2647
@SQ	SN:JTFH01001891.1	LN:2635
@SQ	SN:JTFH01001892.1	LN:2633
@SQ	SN:JTFH01001893.1	LN:2629
@SQ	SN:JTFH01001894.1	LN:2612
@SQ	SN:JTFH01001895.1	LN:2599
@SQ	SN:JTFH01001896.1	LN:2566
@SQ	SN:JTFH01001897.1	LN:2556
@SQ	SN:JTFH01001898.1	LN:2551
@SQ	SN:JTFH01001899.1	LN:2551
@SQ	SN:JTFH01001900.1	LN:2538
@SQ	SN:JTFH01001901.1	LN:2538
@SQ	SN:JTFH01001902.1	LN:2525
@SQ	SN:JTFH01001903.1	LN:2498
@SQ	SN:JTFH01001904.1	LN:2496
@SQ	SN:JTFH01001905.1	LN:2483
@SQ	SN:JTFH01001906.1	LN:2475
@SQ	SN:JTFH01001907.1	LN:2469
@SQ	SN:JTFH01001908.1	LN:2455
@SQ	SN:JTFH01001909.1	LN:2444
@SQ	SN:JTFH01001910.1	LN:2437
@SQ	SN:JTFH01001911.1	LN:2435
@SQ	SN:JTFH01001912.1	LN:2427
@SQ	SN:JTFH01001913.1	LN:2419
@SQ	SN:JTFH01001914.1	LN:2413
@SQ	SN:JTFH01001915.1	LN:2412
@SQ	SN:JTFH01001916.1	LN:2400
@SQ	SN:JTFH01001917.1	LN:2399
@SQ	SN:JTFH01001918.1	LN:2396
@SQ	SN:JTFH01001919.1	LN:2393
@SQ	SN:JTFH01001920.1	LN:2386
@SQ	SN:JTFH01001921.1	LN:2384
@SQ	SN:JTFH01001922.1	LN:2382
@SQ	SN:JTFH01001923.1	LN:2382
@SQ	SN:JTFH01001924.1	LN:2367
@SQ	SN:JTFH01001925.1	LN:2366
@SQ	SN:JTFH01001926.1	LN:2362
@SQ	SN:JTFH01001927.1	LN:2361
@SQ	SN:JTFH01001928.1	LN:2353
@SQ	SN:JTFH01001929.1	LN:2349
@SQ	SN:JTFH01001930.1	LN:2348
@SQ	SN:JTFH01001931.1	LN:2340
@SQ	SN:JTFH01001932.1	LN:2339
@SQ	SN:JTFH01001933.1	LN:2336
@SQ	SN:JTFH01001934.1	LN:2333
@SQ	SN:JTFH01001935.1	LN:2330
@SQ	SN:JTFH01001936.1	LN:2327
@SQ	SN:JTFH01001937.1	LN:2318
@SQ	SN:JTFH01001938.1	LN:2293
@SQ	SN:JTFH01001939.1	LN:2292
@SQ	SN:JTFH01001940.1	LN:2287
@SQ	SN:JTFH01001941.1	LN:2274
@SQ	SN:JTFH01001942.1	LN:2274
@SQ	SN:JTFH01001943.1	LN:2267
@SQ	SN:JTFH01001944.1	LN:2260
@SQ	SN:JTFH01001945.1	LN:2257
@SQ	SN:JTFH01001946.1	LN:2240
@SQ	SN:JTFH01001947.1	LN:2239
@SQ	SN:JTFH01001948.1	LN:2232
@SQ	SN:JTFH01001949.1	LN:2230
@SQ	SN:JTFH01001950.1	LN:2230
@SQ	SN:JTFH01001951.1	LN:2222
@SQ	SN:JTFH01001952.1	LN:2216
@SQ	SN:JTFH01001953.1	LN:2214
@SQ	SN:JTFH01001954.1	LN:2210
@SQ	SN:JTFH01001955.1	LN:2203
@SQ	SN:JTFH01001956.1	LN:2197
@SQ	SN:JTFH01001957.1	LN:2196
@SQ	SN:JTFH01001958.1	LN:2196
@SQ	SN:JTFH01001959.1	LN:2179
@SQ	SN:JTFH01001960.1	LN:2178
@SQ	SN:JTFH01001961.1	LN:2178
@SQ	SN:JTFH01001962.1	LN:2172
@SQ	SN:JTFH01001963.1	LN:2170
@SQ	SN:JTFH01001964.1	LN:2167
@SQ	SN:JTFH01001965.1	LN:2167
@SQ	SN:JTFH01001966.1	LN:2157
@SQ	SN:JTFH01001967.1	LN:2153
@SQ	SN:JTFH01001968.1	LN:2151
@SQ	SN:JTFH01001969.1	LN:2147
@SQ	SN:JTFH01001970.1	LN:2145
@SQ	SN:JTFH01001971.1	LN:2142
@SQ	SN:JTFH01001972.1	LN:2142
@SQ	SN:JTFH01001973.1	LN:2136
@SQ	SN:JTFH01001974.1	LN:2130
@SQ	SN:JTFH01001975.1	LN:2128
@SQ	SN:JTFH01001976.1	LN:2126
@SQ	SN:JTFH01001977.1	LN:2126
@SQ	SN:JTFH01001978.1	LN:2119
@SQ	SN:JTFH01001979.1	LN:2107
@SQ	SN:JTFH01001980.1	LN:2091
@SQ	SN:JTFH01001981.1	LN:2087
@SQ	SN:JTFH01001982.1	LN:2086
@SQ	SN:JTFH01001983.1	LN:2083
@SQ	SN:JTFH01001984.1	LN:2075
@SQ	SN:JTFH01001985.1	LN:2075
@SQ	SN:JTFH01001986.1	LN:2072
@SQ	SN:JTFH01001987.1	LN:2068
@SQ	SN:JTFH01001988.1	LN:2067
@SQ	SN:JTFH01001989.1	LN:2055
@SQ	SN:JTFH01001990.1	LN:2051
@SQ	SN:JTFH01001991.1	LN:2050
@SQ	SN:JTFH01001992.1	LN:2033
@SQ	SN:JTFH01001993.1	LN:2024
@SQ	SN:JTFH01001994.1	LN:2016
@SQ	SN:JTFH01001995.1	LN:2011
@SQ	SN:JTFH01001996.1	LN:2009
@SQ	SN:JTFH01001997.1	LN:2003
@SQ	SN:JTFH01001998.1	LN:2001
